Element	DNA1	DNA2	DNA3	Input	RNA1	RNA2	RNA3
KSUUT0003_KSUUT0003	8313	11418	14096	6181	5173	4398	5607
KSUUT0003_KSUUT0008	11123	14286	20426	7319	22459	12798	23037
KSUUT0003_KSUUT0025	7350	9664	12290	5046	3571	3055	4687
KSUUT0003_KSUUT0100	61	141	150	39	70	54	71
KSUUT0003_KSUUT0114	6006	11711	10355	3842	4295	3793	5088
KSUUT0003_KSUUT0124	1	6	0	1	0	17	2
KSUUT0003_KUUAE0003	0	1	0	0	0	0	0
KSUUT0003_KUUAE0004	7838	9183	13250	5163	5959	3930	6693
KSUUT0003_KUUAE0005	0	3	0	0	0	6	0
KSUUT0003_KUUAE0010	0	0	0	0	0	0	0
KSUUT0003_KUUAE0017	0	8	0	1	1	12	0
KSUUT0003_KUUAE0024	5614	8843	9644	4000	4290	3457	5467
KSUUT0003_KUUAE0034	11155	15714	19522	7442	13963	11312	17044
KSUUT0003_KUUAE0051	5616	8036	9658	3469	3242	1921	3441
KSUUT0003_KUUAE0071	4	8	4	0	4	9	10
KSUUT0003_KUUAE0100	0	1	0	0	0	0	0
KSUUT0003_KUUAE0102	0	2	0	0	0	1	0
KSUUT0003_KUUAE0106	0	1	0	0	0	3	0
KSUUT0003_KUUAE0129	0	0	0	0	0	2	0
KSUUT0003_KUUAE0147	0	0	0	0	0	4	0
KSUUT0003_KUUAT0104	0	20	0	0	0	33	1
KSUUT0003_KUUUT0012	0	0	0	0	0	3	0
KSUUT0003_KUUUT0015	1	7	0	0	0	17	0
KSUUT0003_KUUUT0020	4877	2703	2247	6487	5578	12106	7342
KSUUT0003_KUUUT0021	8887	12038	15607	5237	22945	11818	21327
KSUUT0003_KUUUT0023	0	2	1	0	0	5	0
KSUUT0003_KUUUT0043	9580	13150	15564	6812	28724	22346	30762
KSUUT0003_KUUUT0044	8775	5248	3757	10551	954	2234	1117
KSUUT0003_KSUAT0074	0	0	0	0	0	0	0
KSUUT0003_KSUAT0093	8150	4752	1312	9851	515	3770	944
KSUUT0003_KSUUT0094	4178	6804	7217	2266	1171	1080	1096
KSUUT0003_KUUAE0038	1	3	0	0	0	1	0
KSUUT0003_KUUAE0073	0	0	1	0	1	1	0
KSUUT0003_KUUAT0005	9122	10787	16127	5663	2064	1180	2617
KSUUT0003_KUUAT0069	0	0	1	0	0	0	0
KSUUT0003_KUUAT0138	0	1	0	0	0	0	0
KSUUT0003_KUUUT0016	0	2	0	0	0	0	0
KSUUT0003_KUUUT0050	10375	12304	17886	7069	2471	1488	2865
KSUUT0003_KUUAE0046	0	25	0	2	0	13	0
KSUUT0003_KUUAE0093	0	0	0	0	0	0	0
KSUUT0003_KUUAE0122	0	5	0	0	0	1	0
KSUUT0003_KUUAE0127	1439	1910	2320	702	144	81	127
KSUUT0003_KUUAT0006	0	2	0	0	0	1	0
KSUUT0003_KUUAT0010	0	1	0	0	0	1	0
KSUUT0003_KUUAT0023	0	0	0	1	2	1	1
KSUUT0003_KUUAT0119	7950	11070	13786	5713	201	259	326
KSUUT0003_KUUAT0123	12876	16559	19068	9575	1188	2366	1597
KSUUT0003_KUUUT0013	0	0	0	0	0	0	0
KSUUT0008_KSUUT0003	0	1	0	0	0	2	1
KSUUT0008_KSUUT0008	1798	2084	3376	1289	3120	1686	3853
KSUUT0008_KSUUT0025	0	1	0	0	0	1	0
KSUUT0008_KSUUT0100	1	1	0	0	1	3	0
KSUUT0008_KSUUT0114	0	0	0	0	0	1	0
KSUUT0008_KSUUT0124	0	1	0	0	0	4	1
KSUUT0008_KUUAE0003	0	0	0	0	0	0	0
KSUUT0008_KUUAE0004	0	0	0	0	1	1	0
KSUUT0008_KUUAE0005	0	8	0	0	0	23	1
KSUUT0008_KUUAE0010	0	0	0	0	0	2	0
KSUUT0008_KUUAE0017	0	95	3	0	3	110	1
KSUUT0008_KUUAE0024	0	2	0	0	0	4	0
KSUUT0008_KUUAE0034	0	0	0	0	1	1	0
KSUUT0008_KUUAE0051	0	0	0	1	0	1	0
KSUUT0008_KUUAE0071	0	13	0	0	2	58	1
KSUUT0008_KUUAE0100	0	3	1	0	0	20	1
KSUUT0008_KUUAE0102	0	0	0	0	0	2	0
KSUUT0008_KUUAE0106	0	0	0	0	0	2	0
KSUUT0008_KUUAE0129	0	0	0	0	0	2	1
KSUUT0008_KUUAE0147	5233	3664	6762	6609	19570	15430	19703
KSUUT0008_KUUAT0104	0	0	0	0	0	2	0
KSUUT0008_KUUUT0012	0	2	0	0	2	27	0
KSUUT0008_KUUUT0015	0	7	0	0	0	10	0
KSUUT0008_KUUUT0020	0	0	0	0	0	3	0
KSUUT0008_KUUUT0021	0	0	0	0	1	9	1
KSUUT0008_KUUUT0023	15594	11088	15684	18957	19137	18293	21457
KSUUT0008_KUUUT0043	1582	790	241	2002	536	4719	915
KSUUT0008_KUUUT0044	0	13	0	1	1	62	3
KSUUT0008_KSUAT0074	0	3	0	0	0	3	0
KSUUT0008_KSUAT0093	0	2	0	0	0	1	0
KSUUT0008_KSUUT0094	0	0	0	0	0	4	1
KSUUT0008_KUUAE0038	0	0	0	0	0	0	0
KSUUT0008_KUUAE0073	0	0	0	0	0	1	0
KSUUT0008_KUUAT0005	0	0	0	0	0	0	0
KSUUT0008_KUUAT0069	0	2	0	0	0	0	0
KSUUT0008_KUUAT0138	0	2	0	0	0	3	0
KSUUT0008_KUUUT0016	0	0	0	0	0	1	0
KSUUT0008_KUUUT0050	0	1	0	0	0	0	0
KSUUT0008_KUUAE0046	0	1	0	0	0	2	1
KSUUT0008_KUUAE0093	0	0	0	0	0	1	0
KSUUT0008_KUUAE0122	0	0	0	0	1	7	0
KSUUT0008_KUUAE0127	0	1	0	0	0	4	0
KSUUT0008_KUUAT0006	0	6	0	0	0	3	0
KSUUT0008_KUUAT0010	0	0	0	1	0	1	0
KSUUT0008_KUUAT0023	0	0	0	0	0	1	1
KSUUT0008_KUUAT0119	0	2	0	0	0	2	0
KSUUT0008_KUUAT0123	0	1	0	0	0	3	0
KSUUT0008_KUUUT0013	0	0	0	0	0	0	0
KSUUT0025_KSUUT0003	0	0	0	0	0	2	0
KSUUT0025_KSUUT0008	0	0	0	0	0	0	0
KSUUT0025_KSUUT0025	1328	1863	2465	1067	573	534	1062
KSUUT0025_KSUUT0100	0	2	0	0	0	2	0
KSUUT0025_KSUUT0114	0	1	0	0	0	1	0
KSUUT0025_KSUUT0124	257	153	63	329	61	252	68
KSUUT0025_KUUAE0003	0	1	0	0	0	1	0
KSUUT0025_KUUAE0004	0	1	0	0	0	3	0
KSUUT0025_KUUAE0005	0	0	0	0	0	0	0
KSUUT0025_KUUAE0010	1252	745	702	1528	1133	2043	1595
KSUUT0025_KUUAE0017	0	6	1	2	0	6	0
KSUUT0025_KUUAE0024	0	1	0	1	0	1	1
KSUUT0025_KUUAE0034	0	0	0	0	0	2	0
KSUUT0025_KUUAE0051	0	3	0	1	0	1	0
KSUUT0025_KUUAE0071	0	2	0	0	0	4	0
KSUUT0025_KUUAE0100	0	2	0	0	0	1	0
KSUUT0025_KUUAE0102	0	2	0	10	0	3	0
KSUUT0025_KUUAE0106	0	0	0	0	0	2	0
KSUUT0025_KUUAE0129	7730	4207	2060	9641	1604	6946	2752
KSUUT0025_KUUAE0147	0	0	0	0	0	1	0
KSUUT0025_KUUAT0104	0	4	0	0	0	11	0
KSUUT0025_KUUUT0012	0	3	0	0	0	4	0
KSUUT0025_KUUUT0015	0	7	0	1	0	6	0
KSUUT0025_KUUUT0020	1424	726	697	1914	1022	2139	1458
KSUUT0025_KUUUT0021	0	2	0	0	0	31	1
KSUUT0025_KUUUT0023	0	5	1	0	0	1	0
KSUUT0025_KUUUT0043	0	2	0	0	0	2	0
KSUUT0025_KUUUT0044	0	1	0	0	0	5	0
KSUUT0025_KSUAT0074	0	1	0	0	0	0	0
KSUUT0025_KSUAT0093	5954	3371	1035	7544	405	3105	732
KSUUT0025_KSUUT0094	0	1	0	1	0	1	0
KSUUT0025_KUUAE0038	0	0	0	0	0	0	0
KSUUT0025_KUUAE0073	0	0	0	0	0	1	0
KSUUT0025_KUUAT0005	0	0	0	0	0	0	0
KSUUT0025_KUUAT0069	0	3	0	0	0	1	0
KSUUT0025_KUUAT0138	0	1	0	0	0	0	0
KSUUT0025_KUUUT0016	1	0	0	0	0	1	0
KSUUT0025_KUUUT0050	0	0	0	0	0	0	0
KSUUT0025_KUUAE0046	0	1	0	0	0	0	1
KSUUT0025_KUUAE0093	0	1	0	0	0	0	0
KSUUT0025_KUUAE0122	0	5	0	0	0	2	0
KSUUT0025_KUUAE0127	0	0	0	0	0	0	0
KSUUT0025_KUUAT0006	0	2	0	0	0	1	0
KSUUT0025_KUUAT0010	0	4	0	1	0	1	0
KSUUT0025_KUUAT0023	0	1	0	0	0	1	0
KSUUT0025_KUUAT0119	0	1	0	0	0	0	0
KSUUT0025_KUUAT0123	0	0	0	0	0	0	0
KSUUT0025_KUUUT0013	0	0	0	0	0	0	0
KSUUT0100_KSUUT0003	0	0	0	0	0	2	0
KSUUT0100_KSUUT0008	0	0	0	0	0	0	0
KSUUT0100_KSUUT0025	0	0	0	0	0	2	0
KSUUT0100_KSUUT0100	14734	20633	26856	10091	8547	6233	10568
KSUUT0100_KSUUT0114	0	1	0	0	0	2	0
KSUUT0100_KSUUT0124	0	2	0	0	0	1	0
KSUUT0100_KUUAE0003	0	15	0	0	0	0	0
KSUUT0100_KUUAE0004	0	0	0	0	0	0	0
KSUUT0100_KUUAE0005	0	0	0	0	0	0	0
KSUUT0100_KUUAE0010	0	1	0	0	0	1	0
KSUUT0100_KUUAE0017	0	15	0	1	1	26	0
KSUUT0100_KUUAE0024	2	4	0	1	1	22	0
KSUUT0100_KUUAE0034	3677	2110	3374	4307	3535	4102	4286
KSUUT0100_KUUAE0051	0	0	0	0	0	1	0
KSUUT0100_KUUAE0071	0	1	0	0	0	1	0
KSUUT0100_KUUAE0100	0	0	0	0	0	0	0
KSUUT0100_KUUAE0102	0	0	0	0	0	0	0
KSUUT0100_KUUAE0106	0	1	0	0	0	1	0
KSUUT0100_KUUAE0129	0	0	0	1	0	0	0
KSUUT0100_KUUAE0147	0	0	0	0	0	0	0
KSUUT0100_KUUAT0104	0	0	0	0	1	0	0
KSUUT0100_KUUUT0012	0	0	0	0	0	0	0
KSUUT0100_KUUUT0015	0	6	0	0	0	19	0
KSUUT0100_KUUUT0020	0	0	0	0	0	0	0
KSUUT0100_KUUUT0021	0	0	0	0	1	1	0
KSUUT0100_KUUUT0023	1	1	0	1	0	4	0
KSUUT0100_KUUUT0043	0	1	0	0	0	3	0
KSUUT0100_KUUUT0044	0	6	0	0	0	15	1
KSUUT0100_KSUAT0074	0	0	0	0	0	0	0
KSUUT0100_KSUAT0093	0	0	0	0	0	0	0
KSUUT0100_KSUUT0094	3758	2152	2978	4963	4074	4847	5135
KSUUT0100_KUUAE0038	0	0	0	0	0	0	0
KSUUT0100_KUUAE0073	0	17	0	0	0	6	0
KSUUT0100_KUUAT0005	0	0	0	0	0	0	0
KSUUT0100_KUUAT0069	1	7	0	0	0	5	0
KSUUT0100_KUUAT0138	0	0	1	0	0	0	0
KSUUT0100_KUUUT0016	0	0	0	0	1	5	0
KSUUT0100_KUUUT0050	0	0	0	0	0	0	0
KSUUT0100_KUUAE0046	0	0	0	0	0	0	0
KSUUT0100_KUUAE0093	0	0	0	0	0	0	0
KSUUT0100_KUUAE0122	1	1	1	0	0	0	0
KSUUT0100_KUUAE0127	0	0	0	0	0	0	0
KSUUT0100_KUUAT0006	1613	999	1667	1997	253	246	386
KSUUT0100_KUUAT0010	0	0	0	0	0	0	0
KSUUT0100_KUUAT0023	0	1	0	0	0	0	0
KSUUT0100_KUUAT0119	0	1	0	0	0	0	0
KSUUT0100_KUUAT0123	0	0	0	0	0	0	0
KSUUT0100_KUUUT0013	0	0	0	0	0	0	0
KSUUT0114_KSUUT0003	0	1	0	0	1	1	0
KSUUT0114_KSUUT0008	0	0	0	0	0	0	0
KSUUT0114_KSUUT0025	292	127	22	339	23	469	33
KSUUT0114_KSUUT0100	0	2	0	1	0	0	0
KSUUT0114_KSUUT0114	2737	6644	5165	1968	1920	2011	2587
KSUUT0114_KSUUT0124	7668	4288	2197	9414	872	3500	1380
KSUUT0114_KUUAE0003	0	20	1	1	0	2	0
KSUUT0114_KUUAE0004	0	1	0	1	0	0	0
KSUUT0114_KUUAE0005	0	9	0	1	0	5	0
KSUUT0114_KUUAE0010	0	8	0	0	0	3	0
KSUUT0114_KUUAE0017	0	28	0	3	2	35	1
KSUUT0114_KUUAE0024	0	0	0	1	0	3	0
KSUUT0114_KUUAE0034	1	0	0	0	0	0	0
KSUUT0114_KUUAE0051	0	1	0	0	0	0	0
KSUUT0114_KUUAE0071	673	374	81	775	85	890	159
KSUUT0114_KUUAE0100	0	4	0	2	0	4	0
KSUUT0114_KUUAE0102	0	0	0	0	0	1	0
KSUUT0114_KUUAE0106	0	0	0	1	0	3	0
KSUUT0114_KUUAE0129	0	2	0	1	0	3	0
KSUUT0114_KUUAE0147	0	0	0	0	0	3	0
KSUUT0114_KUUAT0104	0	0	0	0	0	0	0
KSUUT0114_KUUUT0012	0	1	0	0	1	2	1
KSUUT0114_KUUUT0015	0	1	0	0	0	4	0
KSUUT0114_KUUUT0020	0	0	0	0	0	0	0
KSUUT0114_KUUUT0021	171	79	56	200	53	131	50
KSUUT0114_KUUUT0023	12522	7608	4098	14950	1746	6590	2893
KSUUT0114_KUUUT0043	0	0	0	1	0	3	0
KSUUT0114_KUUUT0044	0	2	0	1	1	6	1
KSUUT0114_KSUAT0074	0	0	1	1	0	0	0
KSUUT0114_KSUAT0093	0	3	0	2	0	2	1
KSUUT0114_KSUUT0094	0	2	0	1	0	3	0
KSUUT0114_KUUAE0038	0	0	0	0	0	0	0
KSUUT0114_KUUAE0073	0	1	0	0	0	1	0
KSUUT0114_KUUAT0005	0	0	0	0	0	0	0
KSUUT0114_KUUAT0069	3491	2051	703	4324	195	1030	337
KSUUT0114_KUUAT0138	0	1	0	0	0	1	0
KSUUT0114_KUUUT0016	4388	2557	406	5484	91	1437	167
KSUUT0114_KUUUT0050	0	0	0	0	0	0	0
KSUUT0114_KUUAE0046	0	3	0	1	0	0	0
KSUUT0114_KUUAE0093	0	5	1	0	0	0	0
KSUUT0114_KUUAE0122	0	13	0	1	0	0	0
KSUUT0114_KUUAE0127	983	507	188	1292	22	156	55
KSUUT0114_KUUAT0006	8847	5042	2959	11510	642	2190	1160
KSUUT0114_KUUAT0010	0	0	1	0	0	0	0
KSUUT0114_KUUAT0023	0	5	0	0	0	1	0
KSUUT0114_KUUAT0119	0	3	0	0	0	1	0
KSUUT0114_KUUAT0123	0	0	0	1	0	1	0
KSUUT0114_KUUUT0013	0	0	0	0	0	1	0
KSUUT0124_KSUUT0003	1772	873	436	2330	296	1181	403
KSUUT0124_KSUUT0008	0	0	0	0	0	0	0
KSUUT0124_KSUUT0025	0	12	0	0	0	2	0
KSUUT0124_KSUUT0100	0	11	1	0	0	3	1
KSUUT0124_KSUUT0114	0	1	0	0	0	0	0
KSUUT0124_KSUUT0124	17309	27142	31162	11158	10229	6289	11248
KSUUT0124_KUUAE0003	0	77	2	1	0	1	0
KSUUT0124_KUUAE0004	0	0	0	0	0	0	0
KSUUT0124_KUUAE0005	0	3	0	1	0	1	0
KSUUT0124_KUUAE0010	0	0	0	0	0	0	0
KSUUT0124_KUUAE0017	0	5	0	1	0	1	0
KSUUT0124_KUUAE0024	0	2	0	0	0	1	0
KSUUT0124_KUUAE0034	0	0	0	0	0	1	0
KSUUT0124_KUUAE0051	0	0	0	0	0	1	0
KSUUT0124_KUUAE0071	1	2	0	0	0	1	0
KSUUT0124_KUUAE0100	0	2	0	0	0	1	0
KSUUT0124_KUUAE0102	0	0	0	0	0	0	0
KSUUT0124_KUUAE0106	0	0	0	0	0	0	0
KSUUT0124_KUUAE0129	0	1	0	0	1	0	0
KSUUT0124_KUUAE0147	0	0	0	2	0	1	0
KSUUT0124_KUUAT0104	0	2	0	0	0	0	0
KSUUT0124_KUUUT0012	0	1	0	0	0	0	0
KSUUT0124_KUUUT0015	0	6	0	1	0	0	0
KSUUT0124_KUUUT0020	0	4	0	0	0	8	0
KSUUT0124_KUUUT0021	0	1	0	0	0	0	1
KSUUT0124_KUUUT0023	0	4	0	0	0	0	0
KSUUT0124_KUUUT0043	0	3	0	0	0	0	0
KSUUT0124_KUUUT0044	1	8	1	1	0	2	0
KSUUT0124_KSUAT0074	0	1	0	0	0	0	0
KSUUT0124_KSUAT0093	0	4	0	0	0	1	0
KSUUT0124_KSUUT0094	85	51	60	100	54	66	69
KSUUT0124_KUUAE0038	0	0	0	0	0	1	0
KSUUT0124_KUUAE0073	0	1	0	0	0	0	0
KSUUT0124_KUUAT0005	0	0	0	0	0	0	0
KSUUT0124_KUUAT0069	0	1	0	0	0	0	0
KSUUT0124_KUUAT0138	0	0	0	0	0	0	0
KSUUT0124_KUUUT0016	0	1	0	1	0	0	0
KSUUT0124_KUUUT0050	0	0	0	0	0	0	0
KSUUT0124_KUUAE0046	0	3	0	0	0	0	0
KSUUT0124_KUUAE0093	0	1	0	0	0	0	0
KSUUT0124_KUUAE0122	5910	3884	4767	7646	508	479	531
KSUUT0124_KUUAE0127	0	1	0	0	0	0	0
KSUUT0124_KUUAT0006	15070	9610	13177	19568	1607	1770	2196
KSUUT0124_KUUAT0010	0	1	0	0	0	0	0
KSUUT0124_KUUAT0023	0	0	0	0	0	0	0
KSUUT0124_KUUAT0119	0	2	0	0	0	0	0
KSUUT0124_KUUAT0123	0	0	0	0	0	0	0
KSUUT0124_KUUUT0013	0	0	0	0	0	0	0
KUUAE0003_KSUUT0003	0	0	0	0	0	0	0
KUUAE0003_KSUUT0008	0	0	0	0	0	0	0
KUUAE0003_KSUUT0025	0	1	0	0	0	0	0
KUUAE0003_KSUUT0100	0	2	0	0	0	1	0
KUUAE0003_KSUUT0114	0	1	0	0	0	0	0
KUUAE0003_KSUUT0124	0	2	0	1	0	0	0
KUUAE0003_KUUAE0003	12062	19264	22222	6806	5440	4172	8220
KUUAE0003_KUUAE0004	0	0	0	0	0	0	0
KUUAE0003_KUUAE0005	0	1	0	2	0	0	0
KUUAE0003_KUUAE0010	0	0	0	0	0	0	0
KUUAE0003_KUUAE0017	0	1	0	0	0	2	0
KUUAE0003_KUUAE0024	0	1	0	0	0	0	0
KUUAE0003_KUUAE0034	0	0	0	0	0	0	0
KUUAE0003_KUUAE0051	0	1	0	0	1	0	0
KUUAE0003_KUUAE0071	0	0	1	0	0	0	0
KUUAE0003_KUUAE0100	0	18	0	0	0	3	0
KUUAE0003_KUUAE0102	0	2	0	0	0	0	0
KUUAE0003_KUUAE0106	0	0	0	0	0	0	0
KUUAE0003_KUUAE0129	0	0	0	0	0	1	0
KUUAE0003_KUUAE0147	0	0	0	0	0	0	0
KUUAE0003_KUUAT0104	0	1	0	0	0	0	0
KUUAE0003_KUUUT0012	0	1	0	0	0	1	0
KUUAE0003_KUUUT0015	0	4	0	0	0	1	0
KUUAE0003_KUUUT0020	0	0	0	0	0	0	0
KUUAE0003_KUUUT0021	0	0	0	0	0	0	1
KUUAE0003_KUUUT0023	0	5	0	0	0	1	0
KUUAE0003_KUUUT0043	0	0	0	0	0	1	0
KUUAE0003_KUUUT0044	0	3	0	1	1	0	0
KUUAE0003_KSUAT0074	0	1	0	0	0	0	0
KUUAE0003_KSUAT0093	0	1	0	0	0	1	0
KUUAE0003_KSUUT0094	0	0	0	0	0	0	0
KUUAE0003_KUUAE0038	0	0	0	0	0	0	0
KUUAE0003_KUUAE0073	0	0	0	0	0	0	0
KUUAE0003_KUUAT0005	0	0	0	0	0	0	0
KUUAE0003_KUUAT0069	12195	8373	12412	15333	1829	1823	2517
KUUAE0003_KUUAT0138	0	0	0	0	0	0	0
KUUAE0003_KUUUT0016	0	2	0	0	0	0	0
KUUAE0003_KUUUT0050	0	0	0	0	0	0	0
KUUAE0003_KUUAE0046	1	11	0	0	0	2	0
KUUAE0003_KUUAE0093	0	0	0	0	0	0	0
KUUAE0003_KUUAE0122	0	0	0	0	0	0	0
KUUAE0003_KUUAE0127	0	1	0	0	0	0	0
KUUAE0003_KUUAT0006	0	1	0	1	0	0	0
KUUAE0003_KUUAT0010	0	0	0	0	0	0	0
KUUAE0003_KUUAT0023	0	0	0	0	0	0	0
KUUAE0003_KUUAT0119	0	0	0	0	0	0	0
KUUAE0003_KUUAT0123	0	0	0	0	0	1	0
KUUAE0003_KUUUT0013	0	0	0	0	0	0	0
KUUAE0004_KSUUT0003	0	0	0	0	0	0	0
KUUAE0004_KSUUT0008	0	0	0	0	0	0	0
KUUAE0004_KSUUT0025	0	4	0	0	0	1	0
KUUAE0004_KSUUT0100	0	8	0	0	0	5	0
KUUAE0004_KSUUT0114	5241	2740	503	6310	294	3542	501
KUUAE0004_KSUUT0124	0	4	0	1	0	6	0
KUUAE0004_KUUAE0003	0	0	0	2	0	0	0
KUUAE0004_KUUAE0004	2529	3051	4440	1701	1995	1319	2470
KUUAE0004_KUUAE0005	0	0	1	0	0	0	0
KUUAE0004_KUUAE0010	0	0	0	0	0	2	0
KUUAE0004_KUUAE0017	1	3	0	1	0	5	0
KUUAE0004_KUUAE0024	9628	5202	2728	12191	1851	8695	3104
KUUAE0004_KUUAE0034	0	0	0	0	0	0	0
KUUAE0004_KUUAE0051	0	0	0	0	0	0	0
KUUAE0004_KUUAE0071	0	5	1	0	0	4	0
KUUAE0004_KUUAE0100	0	1	0	1	0	0	0
KUUAE0004_KUUAE0102	0	0	0	1	0	0	0
KUUAE0004_KUUAE0106	0	0	0	0	0	1	0
KUUAE0004_KUUAE0129	0	0	0	0	0	1	0
KUUAE0004_KUUAE0147	1	1	0	1	0	0	0
KUUAE0004_KUUAT0104	0	1	0	0	0	0	0
KUUAE0004_KUUUT0012	0	1	0	1	0	4	0
KUUAE0004_KUUUT0015	0	5	0	1	0	4	0
KUUAE0004_KUUUT0020	0	1	1	0	0	0	0
KUUAE0004_KUUUT0021	0	1	0	0	0	6	0
KUUAE0004_KUUUT0023	0	7	1	1	1	8	0
KUUAE0004_KUUUT0043	0	1	0	1	0	1	0
KUUAE0004_KUUUT0044	0	2	0	1	0	7	0
KUUAE0004_KSUAT0074	0	0	0	0	0	0	0
KUUAE0004_KSUAT0093	8383	4828	1813	10389	420	2394	745
KUUAE0004_KSUUT0094	0	0	0	0	0	1	0
KUUAE0004_KUUAE0038	0	0	0	0	0	0	0
KUUAE0004_KUUAE0073	0	0	0	0	0	1	0
KUUAE0004_KUUAT0005	2	0	0	1	0	0	0
KUUAE0004_KUUAT0069	0	4	0	1	0	0	0
KUUAE0004_KUUAT0138	0	1	0	0	0	1	0
KUUAE0004_KUUUT0016	0	4	0	0	0	1	0
KUUAE0004_KUUUT0050	0	0	0	0	0	0	0
KUUAE0004_KUUAE0046	0	0	0	0	0	1	0
KUUAE0004_KUUAE0093	0	0	0	0	0	0	0
KUUAE0004_KUUAE0122	7657	4685	2425	9508	278	858	355
KUUAE0004_KUUAE0127	0	6	0	0	0	0	0
KUUAE0004_KUUAT0006	0	2	0	1	0	1	0
KUUAE0004_KUUAT0010	0	0	0	0	0	0	0
KUUAE0004_KUUAT0023	0	4	0	2	0	4	0
KUUAE0004_KUUAT0119	0	4	0	1	0	0	0
KUUAE0004_KUUAT0123	0	5	0	0	0	2	0
KUUAE0004_KUUUT0013	0	0	0	1	0	0	0
KUUAE0005_KSUUT0003	4501	2398	956	5709	740	4132	1276
KUUAE0005_KSUUT0008	0	0	0	0	0	0	0
KUUAE0005_KSUUT0025	0	2	0	1	0	3	0
KUUAE0005_KSUUT0100	11389	7854	10345	14510	6455	7886	8642
KUUAE0005_KSUUT0114	1	4	0	1	0	7	1
KUUAE0005_KSUUT0124	0	22	0	3	0	16	2
KUUAE0005_KUUAE0003	0	5	0	1	0	2	0
KUUAE0005_KUUAE0004	0	7	0	0	0	22	1
KUUAE0005_KUUAE0005	10398	21556	18538	7029	6576	7643	8441
KUUAE0005_KUUAE0010	0	1	0	0	1	5	0
KUUAE0005_KUUAE0017	4678	3568	4556	5541	3418	3781	4232
KUUAE0005_KUUAE0024	12984	7838	8260	17037	4763	9221	7305
KUUAE0005_KUUAE0034	0	3	0	0	0	10	0
KUUAE0005_KUUAE0051	0	26	0	0	2	15	0
KUUAE0005_KUUAE0071	0	4	1	0	0	12	0
KUUAE0005_KUUAE0100	1	0	0	0	0	3	1
KUUAE0005_KUUAE0102	15683	9868	4156	19928	1700	6992	2728
KUUAE0005_KUUAE0106	9979	7450	12001	11883	10958	10463	13506
KUUAE0005_KUUAE0129	35213	23669	20957	42100	25264	44337	35451
KUUAE0005_KUUAE0147	0	7	0	0	1	19	1
KUUAE0005_KUUAT0104	0	15	2	0	1	32	0
KUUAE0005_KUUUT0012	1	5	2	1	0	9	0
KUUAE0005_KUUUT0015	2815	1780	565	3590	286	1942	515
KUUAE0005_KUUUT0020	0	8	0	1	0	27	0
KUUAE0005_KUUUT0021	1330	877	952	1640	1063	1544	1251
KUUAE0005_KUUUT0023	0	25	2	2	1	31	0
KUUAE0005_KUUUT0043	0	4	0	0	2	23	0
KUUAE0005_KUUUT0044	0	20	0	0	0	33	1
KUUAE0005_KSUAT0074	0	2	1	0	0	4	0
KUUAE0005_KSUAT0093	0	16	2	1	0	12	1
KUUAE0005_KSUUT0094	0	4	0	1	0	20	0
KUUAE0005_KUUAE0038	0	1	0	1	0	1	0
KUUAE0005_KUUAE0073	1	27	0	0	0	7	0
KUUAE0005_KUUAT0005	0	0	0	0	0	0	0
KUUAE0005_KUUAT0069	1	2	0	1	0	2	0
KUUAE0005_KUUAT0138	0	11	0	1	0	16	0
KUUAE0005_KUUUT0016	550	340	143	719	47	316	87
KUUAE0005_KUUUT0050	0	0	0	0	0	1	0
KUUAE0005_KUUAE0046	0	4	0	0	0	2	1
KUUAE0005_KUUAE0093	2602	1773	2554	3257	774	731	995
KUUAE0005_KUUAE0122	0	4	2	2	0	3	0
KUUAE0005_KUUAE0127	0	10	3	2	0	4	0
KUUAE0005_KUUAT0006	0	8	0	0	1	0	0
KUUAE0005_KUUAT0010	1	19	0	1	1	13	1
KUUAE0005_KUUAT0023	0	6	0	0	0	10	0
KUUAE0005_KUUAT0119	0	1	0	1	0	1	0
KUUAE0005_KUUAT0123	0	7	2	1	0	4	1
KUUAE0005_KUUUT0013	0	0	0	0	0	0	0
KUUAE0010_KSUUT0003	0	0	0	0	0	0	0
KUUAE0010_KSUUT0008	0	0	0	0	0	0	0
KUUAE0010_KSUUT0025	0	3	0	0	0	5	0
KUUAE0010_KSUUT0100	0	4	0	0	0	4	0
KUUAE0010_KSUUT0114	0	3	0	2	0	3	0
KUUAE0010_KSUUT0124	0	6	0	0	0	7	0
KUUAE0010_KUUAE0003	0	16	0	0	0	0	1
KUUAE0010_KUUAE0004	362	217	188	508	85	185	141
KUUAE0010_KUUAE0005	0	2	0	0	0	6	0
KUUAE0010_KUUAE0010	12212	17424	21807	7640	8609	5463	10586
KUUAE0010_KUUAE0017	0	115	1	2	0	30	0
KUUAE0010_KUUAE0024	0	2	0	0	0	6	0
KUUAE0010_KUUAE0034	0	0	1	0	0	2	0
KUUAE0010_KUUAE0051	0	0	0	0	0	0	0
KUUAE0010_KUUAE0071	0	15	0	1	0	6	0
KUUAE0010_KUUAE0100	0	2	0	0	1	22	0
KUUAE0010_KUUAE0102	0	22	0	0	0	10	0
KUUAE0010_KUUAE0106	0	9	0	0	0	8	0
KUUAE0010_KUUAE0129	0	0	0	0	0	1	0
KUUAE0010_KUUAE0147	1	9	0	0	1	6	0
KUUAE0010_KUUAT0104	0	1	0	2	0	3	0
KUUAE0010_KUUUT0012	14463	10882	20035	17600	12195	8303	14361
KUUAE0010_KUUUT0015	10052	7108	4762	12978	1752	4490	2465
KUUAE0010_KUUUT0020	0	2	0	0	0	4	1
KUUAE0010_KUUUT0021	0	3	0	0	0	4	0
KUUAE0010_KUUUT0023	14263	11177	17888	17447	3764	2710	4202
KUUAE0010_KUUUT0043	2817	1520	861	3706	1541	5586	2400
KUUAE0010_KUUUT0044	0	7	1	1	0	5	1
KUUAE0010_KSUAT0074	0	0	0	0	0	0	0
KUUAE0010_KSUAT0093	0	9	0	0	1	1	0
KUUAE0010_KSUUT0094	0	0	0	0	0	4	0
KUUAE0010_KUUAE0038	0	0	0	0	0	0	0
KUUAE0010_KUUAE0073	0	24	1	0	0	2	0
KUUAE0010_KUUAT0005	0	2	0	0	0	1	0
KUUAE0010_KUUAT0069	0	2	0	0	1	2	0
KUUAE0010_KUUAT0138	0	13	0	1	0	1	0
KUUAE0010_KUUUT0016	0	11	0	0	0	8	0
KUUAE0010_KUUUT0050	0	1	0	0	0	1	0
KUUAE0010_KUUAE0046	0	1	0	0	0	1	0
KUUAE0010_KUUAE0093	2530	1778	3158	3155	850	578	1050
KUUAE0010_KUUAE0122	2	7	0	2	0	11	0
KUUAE0010_KUUAE0127	0	0	0	0	0	1	0
KUUAE0010_KUUAT0006	1527	1146	1756	1936	286	241	416
KUUAE0010_KUUAT0010	0	2	0	0	0	1	0
KUUAE0010_KUUAT0023	0	7	0	1	0	0	0
KUUAE0010_KUUAT0119	0	7	0	0	0	0	0
KUUAE0010_KUUAT0123	0	2	0	0	0	1	0
KUUAE0010_KUUUT0013	0	0	0	0	0	0	0
KUUAE0017_KSUUT0003	5198	2582	2022	5861	2425	4782	3558
KUUAE0017_KSUUT0008	0	0	0	0	0	0	0
KUUAE0017_KSUUT0025	0	1	0	0	0	1	0
KUUAE0017_KSUUT0100	0	0	0	0	0	2	0
KUUAE0017_KSUUT0114	0	0	0	2	0	1	0
KUUAE0017_KSUUT0124	0	2	0	0	0	0	0
KUUAE0017_KUUAE0003	8610	6548	12426	9848	8325	5772	10465
KUUAE0017_KUUAE0004	0	0	0	0	0	0	0
KUUAE0017_KUUAE0005	0	1	0	0	0	1	0
KUUAE0017_KUUAE0010	0	1	0	1	0	0	0
KUUAE0017_KUUAE0017	9146	15876	16137	5232	8966	7986	11818
KUUAE0017_KUUAE0024	0	0	0	0	0	3	1
KUUAE0017_KUUAE0034	0	0	0	0	0	1	0
KUUAE0017_KUUAE0051	0	0	0	0	0	2	0
KUUAE0017_KUUAE0071	0	2	0	0	0	4	1
KUUAE0017_KUUAE0100	0	2	0	0	0	17	0
KUUAE0017_KUUAE0102	0	0	0	0	0	1	0
KUUAE0017_KUUAE0106	0	1	0	0	0	1	0
KUUAE0017_KUUAE0129	0	0	1	0	0	0	0
KUUAE0017_KUUAE0147	0	3	0	0	0	7	0
KUUAE0017_KUUAT0104	0	0	0	0	0	1	1
KUUAE0017_KUUUT0012	0	3	1	0	1	34	0
KUUAE0017_KUUUT0015	2330	1602	1104	2634	478	1251	762
KUUAE0017_KUUUT0020	0	12	0	0	0	24	0
KUUAE0017_KUUUT0021	0	1	0	0	1	1	0
KUUAE0017_KUUUT0023	0	2	0	0	0	3	1
KUUAE0017_KUUUT0043	3304	1677	1010	3864	2109	7573	3193
KUUAE0017_KUUUT0044	0	10	0	0	0	11	0
KUUAE0017_KSUAT0074	0	1	0	0	0	0	0
KUUAE0017_KSUAT0093	0	8	0	0	0	11	0
KUUAE0017_KSUUT0094	0	0	0	0	0	5	0
KUUAE0017_KUUAE0038	0	0	0	0	0	0	0
KUUAE0017_KUUAE0073	0	0	0	0	0	0	0
KUUAE0017_KUUAT0005	0	0	0	0	0	0	0
KUUAE0017_KUUAT0069	0	22	0	1	0	4	0
KUUAE0017_KUUAT0138	0	1	0	0	0	0	0
KUUAE0017_KUUUT0016	0	5	0	0	0	3	0
KUUAE0017_KUUUT0050	0	0	0	0	0	0	0
KUUAE0017_KUUAE0046	1	0	0	1	0	2	0
KUUAE0017_KUUAE0093	0	0	0	0	0	0	0
KUUAE0017_KUUAE0122	0	6	0	0	0	13	0
KUUAE0017_KUUAE0127	700	415	587	829	84	76	112
KUUAE0017_KUUAT0006	0	0	0	0	0	0	0
KUUAE0017_KUUAT0010	0	1	0	1	0	1	0
KUUAE0017_KUUAT0023	0	1	0	0	0	0	0
KUUAE0017_KUUAT0119	0	0	0	0	0	0	0
KUUAE0017_KUUAT0123	0	2	0	0	1	0	0
KUUAE0017_KUUUT0013	0	0	0	0	0	0	0
KUUAE0024_KSUUT0003	0	0	0	0	0	1	0
KUUAE0024_KSUUT0008	0	0	0	0	0	0	0
KUUAE0024_KSUUT0025	0	0	0	0	0	0	0
KUUAE0024_KSUUT0100	1	2	0	0	0	1	0
KUUAE0024_KSUUT0114	0	9	0	1	0	2	0
KUUAE0024_KSUUT0124	300	216	231	354	110	127	140
KUUAE0024_KUUAE0003	0	1	0	0	0	0	0
KUUAE0024_KUUAE0004	0	0	0	0	0	0	0
KUUAE0024_KUUAE0005	0	0	0	0	0	1	0
KUUAE0024_KUUAE0010	0	0	0	0	0	0	0
KUUAE0024_KUUAE0017	0	2	0	0	0	1	0
KUUAE0024_KUUAE0024	939	1535	1705	805	678	593	1053
KUUAE0024_KUUAE0034	0	3	0	0	0	2	0
KUUAE0024_KUUAE0051	0	0	0	0	0	0	0
KUUAE0024_KUUAE0071	0	0	0	0	0	0	0
KUUAE0024_KUUAE0100	0	0	0	0	0	1	0
KUUAE0024_KUUAE0102	1	1	0	1	0	1	0
KUUAE0024_KUUAE0106	0	0	0	0	0	0	0
KUUAE0024_KUUAE0129	0	0	0	0	0	0	0
KUUAE0024_KUUAE0147	0	6	0	1	0	4	0
KUUAE0024_KUUAT0104	0	0	0	0	0	0	0
KUUAE0024_KUUUT0012	0	1	0	0	0	0	0
KUUAE0024_KUUUT0015	1	2	0	0	0	0	0
KUUAE0024_KUUUT0020	0	0	0	0	0	0	0
KUUAE0024_KUUUT0021	0	0	0	0	0	2	0
KUUAE0024_KUUUT0023	0	27	0	3	0	5	0
KUUAE0024_KUUUT0043	0	0	0	0	0	1	0
KUUAE0024_KUUUT0044	0	2	0	1	0	0	0
KUUAE0024_KSUAT0074	0	0	0	0	0	0	0
KUUAE0024_KSUAT0093	0	1	0	0	1	0	0
KUUAE0024_KSUUT0094	0	1	0	0	0	1	0
KUUAE0024_KUUAE0038	0	1	0	0	0	0	0
KUUAE0024_KUUAE0073	0	2	0	0	0	1	0
KUUAE0024_KUUAT0005	0	0	0	0	0	0	0
KUUAE0024_KUUAT0069	0	1	0	0	0	0	0
KUUAE0024_KUUAT0138	0	0	0	0	0	0	0
KUUAE0024_KUUUT0016	0	0	0	0	0	0	0
KUUAE0024_KUUUT0050	0	5	0	0	0	2	0
KUUAE0024_KUUAE0046	0	3	0	0	0	0	0
KUUAE0024_KUUAE0093	0	0	0	0	0	0	0
KUUAE0024_KUUAE0122	0	14	1	1	0	1	0
KUUAE0024_KUUAE0127	0	0	1	0	0	0	0
KUUAE0024_KUUAT0006	1	4	0	0	0	0	0
KUUAE0024_KUUAT0010	0	0	1	0	0	0	0
KUUAE0024_KUUAT0023	11630	6698	6031	14332	1120	2764	2117
KUUAE0024_KUUAT0119	0	0	0	0	0	0	0
KUUAE0024_KUUAT0123	8682	4712	5642	11180	1688	3339	2891
KUUAE0024_KUUUT0013	0	0	0	0	0	0	0
KUUAE0034_KSUUT0003	0	2	0	0	0	8	0
KUUAE0034_KSUUT0008	0	0	0	0	0	0	0
KUUAE0034_KSUUT0025	0	0	0	1	0	0	0
KUUAE0034_KSUUT0100	0	0	0	0	0	0	0
KUUAE0034_KSUUT0114	0	0	0	0	0	3	0
KUUAE0034_KSUUT0124	0	3	1	2	0	0	0
KUUAE0034_KUUAE0003	0	19	1	0	0	22	1
KUUAE0034_KUUAE0004	0	0	0	0	0	1	0
KUUAE0034_KUUAE0005	0	1	0	0	0	3	0
KUUAE0034_KUUAE0010	0	0	0	0	0	2	0
KUUAE0034_KUUAE0017	17021	11807	17638	19843	24069	26951	30397
KUUAE0034_KUUAE0024	0	0	0	0	0	7	0
KUUAE0034_KUUAE0034	893	1236	1704	703	1099	986	1706
KUUAE0034_KUUAE0051	0	2	0	0	0	0	0
KUUAE0034_KUUAE0071	0	0	0	0	0	3	0
KUUAE0034_KUUAE0100	0	0	0	0	0	1	0
KUUAE0034_KUUAE0102	0	1	0	0	0	1	0
KUUAE0034_KUUAE0106	0	0	0	0	0	3	0
KUUAE0034_KUUAE0129	0	2	0	1	0	4	0
KUUAE0034_KUUAE0147	1	0	1	1	0	6	1
KUUAE0034_KUUAT0104	0	40	1	0	0	37	1
KUUAE0034_KUUUT0012	0	0	0	0	0	5	1
KUUAE0034_KUUUT0015	0	5	0	1	0	19	0
KUUAE0034_KUUUT0020	0	0	0	0	1	1	0
KUUAE0034_KUUUT0021	0	0	0	0	1	4	1
KUUAE0034_KUUUT0023	1	3	1	1	0	4	2
KUUAE0034_KUUUT0043	0	4	0	0	1	15	0
KUUAE0034_KUUUT0044	14046	10061	15331	17864	15635	17051	20314
KUUAE0034_KSUAT0074	0	2	1	0	0	4	0
KUUAE0034_KSUAT0093	0	4	0	0	0	4	0
KUUAE0034_KSUUT0094	0	0	0	0	0	0	0
KUUAE0034_KUUAE0038	1	9	0	0	0	4	0
KUUAE0034_KUUAE0073	0	1	0	0	0	2	0
KUUAE0034_KUUAT0005	0	0	0	0	0	1	0
KUUAE0034_KUUAT0069	223	141	137	403	60	122	93
KUUAE0034_KUUAT0138	0	1	0	0	0	1	0
KUUAE0034_KUUUT0016	0	0	0	1	0	1	0
KUUAE0034_KUUUT0050	0	0	0	0	0	0	0
KUUAE0034_KUUAE0046	0	64	0	2	2	61	0
KUUAE0034_KUUAE0093	0	2	1	0	0	1	0
KUUAE0034_KUUAE0122	1	1	0	0	0	1	0
KUUAE0034_KUUAE0127	1	21	0	0	0	6	0
KUUAE0034_KUUAT0006	0	2	0	0	0	0	0
KUUAE0034_KUUAT0010	0	0	0	0	0	0	0
KUUAE0034_KUUAT0023	1	0	0	0	0	1	0
KUUAE0034_KUUAT0119	0	0	0	0	0	0	0
KUUAE0034_KUUAT0123	0	0	0	0	0	0	0
KUUAE0034_KUUUT0013	0	1	0	0	0	0	0
KUUAE0051_KSUUT0003	0	0	0	0	0	1	0
KUUAE0051_KSUUT0008	0	0	0	0	0	0	0
KUUAE0051_KSUUT0025	0	1	0	0	0	1	0
KUUAE0051_KSUUT0100	0	2	1	1	0	0	0
KUUAE0051_KSUUT0114	11477	6090	2372	13760	753	4158	1318
KUUAE0051_KSUUT0124	0	4	1	0	0	3	0
KUUAE0051_KUUAE0003	0	0	0	0	0	0	0
KUUAE0051_KUUAE0004	0	0	0	0	0	0	0
KUUAE0051_KUUAE0005	0	1	0	0	0	0	0
KUUAE0051_KUUAE0010	0	0	0	0	0	0	0
KUUAE0051_KUUAE0017	0	18	1	1	1	21	0
KUUAE0051_KUUAE0024	0	0	0	0	0	0	0
KUUAE0051_KUUAE0034	0	0	0	0	0	0	0
KUUAE0051_KUUAE0051	3038	4300	5264	2206	1595	1074	2147
KUUAE0051_KUUAE0071	0	4	1	0	0	7	0
KUUAE0051_KUUAE0100	0	1	0	0	0	2	0
KUUAE0051_KUUAE0102	0	0	0	0	0	1	0
KUUAE0051_KUUAE0106	0	0	0	0	0	1	0
KUUAE0051_KUUAE0129	0	0	0	0	0	1	0
KUUAE0051_KUUAE0147	0	1	0	0	1	0	0
KUUAE0051_KUUAT0104	0	0	0	0	0	2	0
KUUAE0051_KUUUT0012	0	1	0	0	0	1	0
KUUAE0051_KUUUT0015	0	4	0	1	0	2	0
KUUAE0051_KUUUT0020	0	0	0	0	0	0	0
KUUAE0051_KUUUT0021	0	0	0	0	0	0	0
KUUAE0051_KUUUT0023	5018	3405	4009	5942	1683	2206	1980
KUUAE0051_KUUUT0043	0	0	0	0	0	1	0
KUUAE0051_KUUUT0044	0	2	0	1	0	1	0
KUUAE0051_KSUAT0074	4913	2617	1079	5754	117	584	176
KUUAE0051_KSUAT0093	0	0	0	0	0	0	0
KUUAE0051_KSUUT0094	0	0	0	0	0	1	0
KUUAE0051_KUUAE0038	0	0	0	0	0	0	0
KUUAE0051_KUUAE0073	673	472	664	1020	78	59	87
KUUAE0051_KUUAT0005	0	0	0	0	0	0	0
KUUAE0051_KUUAT0069	0	5	1	0	0	1	0
KUUAE0051_KUUAT0138	0	0	1	0	0	0	0
KUUAE0051_KUUUT0016	0	6	0	0	0	2	0
KUUAE0051_KUUUT0050	0	0	0	0	0	0	0
KUUAE0051_KUUAE0046	0	0	0	0	0	0	0
KUUAE0051_KUUAE0093	0	0	0	0	0	0	0
KUUAE0051_KUUAE0122	1	2	0	0	0	0	0
KUUAE0051_KUUAE0127	0	3	0	0	0	0	0
KUUAE0051_KUUAT0006	0	10	0	1	0	4	0
KUUAE0051_KUUAT0010	0	1	0	0	0	0	0
KUUAE0051_KUUAT0023	0	0	0	1	0	0	0
KUUAE0051_KUUAT0119	0	0	0	0	0	0	0
KUUAE0051_KUUAT0123	0	0	0	0	0	1	0
KUUAE0051_KUUUT0013	0	0	0	0	0	0	0
KUUAE0071_KSUUT0003	0	1	0	0	1	0	1
KUUAE0071_KSUUT0008	0	0	0	0	0	0	0
KUUAE0071_KSUUT0025	0	1	0	0	0	4	0
KUUAE0071_KSUUT0100	0	2	1	0	0	3	1
KUUAE0071_KSUUT0114	0	1	0	1	0	4	0
KUUAE0071_KSUUT0124	0	3	3	0	0	1	1
KUUAE0071_KUUAE0003	0	2	0	0	0	4	0
KUUAE0071_KUUAE0004	0	0	1	0	0	0	0
KUUAE0071_KUUAE0005	1	0	0	1	0	5	0
KUUAE0071_KUUAE0010	0	0	0	0	0	2	1
KUUAE0071_KUUAE0017	2	87	1	2	4	224	4
KUUAE0071_KUUAE0024	0	2	0	0	0	11	1
KUUAE0071_KUUAE0034	0	1	0	0	0	3	0
KUUAE0071_KUUAE0051	0	1	0	0	0	0	0
KUUAE0071_KUUAE0071	14525	20223	25772	8833	34673	24114	38449
KUUAE0071_KUUAE0100	4574	2971	3808	5140	6365	7869	7593
KUUAE0071_KUUAE0102	2	3	0	0	1	4	0
KUUAE0071_KUUAE0106	0	1	1	0	0	3	0
KUUAE0071_KUUAE0129	0	2	0	0	2	2	0
KUUAE0071_KUUAE0147	0	1	0	0	0	3	0
KUUAE0071_KUUAT0104	0	41	0	0	0	79	1
KUUAE0071_KUUUT0012	0	0	0	1	0	5	0
KUUAE0071_KUUUT0015	4226	2551	499	5252	638	7187	986
KUUAE0071_KUUUT0020	0	1	0	0	0	4	1
KUUAE0071_KUUUT0021	0	0	0	1	0	7	1
KUUAE0071_KUUUT0023	20188	13303	11910	23414	20514	37637	28149
KUUAE0071_KUUUT0043	0	1	0	0	0	9	0
KUUAE0071_KUUUT0044	22173	14647	16231	25060	22758	35307	30197
KUUAE0071_KSUAT0074	0	4	0	0	1	3	0
KUUAE0071_KSUAT0093	0	2	0	0	0	6	0
KUUAE0071_KSUUT0094	0	0	0	0	0	4	0
KUUAE0071_KUUAE0038	0	12	0	0	0	12	0
KUUAE0071_KUUAE0073	0	3	0	1	0	1	0
KUUAE0071_KUUAT0005	0	0	0	0	0	1	0
KUUAE0071_KUUAT0069	1	3	0	0	0	1	0
KUUAE0071_KUUAT0138	0	0	0	0	0	2	0
KUUAE0071_KUUUT0016	1	12	0	0	0	14	0
KUUAE0071_KUUUT0050	0	2	0	0	0	0	0
KUUAE0071_KUUAE0046	0	79	1	3	1	112	1
KUUAE0071_KUUAE0093	0	0	0	0	0	2	0
KUUAE0071_KUUAE0122	0	6	0	1	0	5	0
KUUAE0071_KUUAE0127	0	22	1	0	0	19	0
KUUAE0071_KUUAT0006	0	5	2	10	1	3	0
KUUAE0071_KUUAT0010	0	0	0	0	0	3	0
KUUAE0071_KUUAT0023	0	2	0	1	0	1	0
KUUAE0071_KUUAT0119	0	4	0	0	0	4	0
KUUAE0071_KUUAT0123	0	0	0	0	0	1	0
KUUAE0071_KUUUT0013	0	0	0	0	0	0	0
KUUAE0100_KSUUT0003	0	0	0	0	0	0	0
KUUAE0100_KSUUT0008	0	0	0	0	0	0	0
KUUAE0100_KSUUT0025	0	0	0	0	0	0	0
KUUAE0100_KSUUT0100	0	2	0	0	0	1	0
KUUAE0100_KSUUT0114	0	0	0	0	0	1	0
KUUAE0100_KSUUT0124	0	1	0	0	0	2	1
KUUAE0100_KUUAE0003	1	0	0	0	0	0	0
KUUAE0100_KUUAE0004	0	0	0	0	0	0	0
KUUAE0100_KUUAE0005	0	1	0	0	0	0	0
KUUAE0100_KUUAE0010	0	0	0	0	0	0	1
KUUAE0100_KUUAE0017	0	1	0	0	0	3	0
KUUAE0100_KUUAE0024	0	0	0	0	0	3	0
KUUAE0100_KUUAE0034	0	0	0	0	0	0	0
KUUAE0100_KUUAE0051	0	0	0	0	0	0	0
KUUAE0100_KUUAE0071	7010	4432	5931	7692	7074	8899	8781
KUUAE0100_KUUAE0100	10094	15798	18479	5023	6131	4552	6468
KUUAE0100_KUUAE0102	0	0	0	0	0	0	0
KUUAE0100_KUUAE0106	0	0	0	0	0	0	0
KUUAE0100_KUUAE0129	0	0	0	0	0	1	0
KUUAE0100_KUUAE0147	0	0	0	0	0	0	0
KUUAE0100_KUUAT0104	0	0	0	0	0	0	0
KUUAE0100_KUUUT0012	0	1	0	0	0	1	0
KUUAE0100_KUUUT0015	0	1	0	1	0	8	0
KUUAE0100_KUUUT0020	0	0	0	0	0	0	0
KUUAE0100_KUUUT0021	0	0	0	0	0	2	0
KUUAE0100_KUUUT0023	0	9	2	0	0	23	0
KUUAE0100_KUUUT0043	0	1	0	0	0	3	0
KUUAE0100_KUUUT0044	0	12	0	0	0	27	0
KUUAE0100_KSUAT0074	0	0	0	0	0	2	0
KUUAE0100_KSUAT0093	0	0	0	2	0	0	0
KUUAE0100_KSUUT0094	0	0	0	0	0	0	1
KUUAE0100_KUUAE0038	0	0	0	0	0	0	0
KUUAE0100_KUUAE0073	0	0	0	0	0	0	0
KUUAE0100_KUUAT0005	0	0	0	0	0	0	0
KUUAE0100_KUUAT0069	0	0	0	0	0	0	0
KUUAE0100_KUUAT0138	0	0	0	0	0	0	0
KUUAE0100_KUUUT0016	0	0	0	0	0	0	0
KUUAE0100_KUUUT0050	0	0	0	0	0	0	0
KUUAE0100_KUUAE0046	0	2	0	0	0	2	1
KUUAE0100_KUUAE0093	0	0	0	0	0	1	0
KUUAE0100_KUUAE0122	1	0	0	0	0	2	0
KUUAE0100_KUUAE0127	0	0	0	0	0	0	0
KUUAE0100_KUUAT0006	0	0	0	0	1	0	0
KUUAE0100_KUUAT0010	0	0	0	0	0	1	0
KUUAE0100_KUUAT0023	0	0	0	0	0	0	0
KUUAE0100_KUUAT0119	0	0	0	0	0	1	0
KUUAE0100_KUUAT0123	0	0	0	0	0	0	0
KUUAE0100_KUUUT0013	0	0	0	0	0	0	0
KUUAE0102_KSUUT0003	1	3	0	0	0	9	1
KUUAE0102_KSUUT0008	0	0	0	0	0	0	0
KUUAE0102_KSUUT0025	1	0	0	0	0	1	0
KUUAE0102_KSUUT0100	0	1	0	0	0	3	0
KUUAE0102_KSUUT0114	0	1	0	1	0	1	0
KUUAE0102_KSUUT0124	0	3	0	2	0	1	0
KUUAE0102_KUUAE0003	0	11	0	0	0	22	0
KUUAE0102_KUUAE0004	0	0	0	0	0	0	0
KUUAE0102_KUUAE0005	0	2	0	0	0	2	0
KUUAE0102_KUUAE0010	0	0	0	1	0	0	0
KUUAE0102_KUUAE0017	27719	19049	15943	33028	10673	21884	15494
KUUAE0102_KUUAE0024	0	4	0	1	0	3	1
KUUAE0102_KUUAE0034	0	1	0	0	0	4	0
KUUAE0102_KUUAE0051	0	2	0	0	0	1	0
KUUAE0102_KUUAE0071	0	2	0	1	0	1	0
KUUAE0102_KUUAE0100	0	1	0	0	0	1	0
KUUAE0102_KUUAE0102	11833	18398	19693	7589	6235	5240	7923
KUUAE0102_KUUAE0106	0	2	0	0	0	0	0
KUUAE0102_KUUAE0129	0	1	0	2	0	2	0
KUUAE0102_KUUAE0147	0	2	0	0	0	3	0
KUUAE0102_KUUAT0104	0	2	0	0	0	2	1
KUUAE0102_KUUUT0012	0	1	0	1	1	3	0
KUUAE0102_KUUUT0015	0	10	0	0	0	16	0
KUUAE0102_KUUUT0020	0	0	0	0	0	0	0
KUUAE0102_KUUUT0021	0	0	0	0	0	8	1
KUUAE0102_KUUUT0023	0	4	1	3	0	10	0
KUUAE0102_KUUUT0043	0	10	0	0	0	11	0
KUUAE0102_KUUUT0044	0	10	1	2	0	3	0
KUUAE0102_KSUAT0074	0	0	0	0	0	0	0
KUUAE0102_KSUAT0093	0	8	0	2	0	2	0
KUUAE0102_KSUUT0094	0	1	0	0	0	3	0
KUUAE0102_KUUAE0038	0	0	0	0	0	0	0
KUUAE0102_KUUAE0073	3523	2368	2137	4357	600	919	760
KUUAE0102_KUUAT0005	0	1	0	0	0	0	0
KUUAE0102_KUUAT0069	0	1	1	0	0	0	1
KUUAE0102_KUUAT0138	0	0	0	1	0	0	0
KUUAE0102_KUUUT0016	0	1	0	0	0	1	0
KUUAE0102_KUUUT0050	0	0	0	0	0	2	0
KUUAE0102_KUUAE0046	0	5	0	1	0	1	0
KUUAE0102_KUUAE0093	0	1	0	0	0	0	0
KUUAE0102_KUUAE0122	1	3	0	1	0	1	0
KUUAE0102_KUUAE0127	0	3	0	0	0	1	0
KUUAE0102_KUUAT0006	0	3	0	0	0	0	0
KUUAE0102_KUUAT0010	0	0	0	1	0	0	0
KUUAE0102_KUUAT0023	0	2	0	0	0	2	0
KUUAE0102_KUUAT0119	0	0	0	0	0	2	0
KUUAE0102_KUUAT0123	0	0	1	0	0	1	0
KUUAE0102_KUUUT0013	0	1	0	0	0	0	0
KUUAE0106_KSUUT0003	0	3	0	0	0	12	0
KUUAE0106_KSUUT0008	0	0	0	0	0	0	0
KUUAE0106_KSUUT0025	0	0	0	1	0	0	0
KUUAE0106_KSUUT0100	0	3	0	0	0	0	1
KUUAE0106_KSUUT0114	0	2	0	1	0	2	0
KUUAE0106_KSUUT0124	12966	9983	17379	15299	9646	8489	12185
KUUAE0106_KUUAE0003	0	11	1	0	0	3	0
KUUAE0106_KUUAE0004	0	0	0	0	0	2	0
KUUAE0106_KUUAE0005	0	13	0	2	0	7	0
KUUAE0106_KUUAE0010	0	2	0	0	0	1	0
KUUAE0106_KUUAE0017	0	9	0	0	0	21	2
KUUAE0106_KUUAE0024	0	5	0	0	0	8	0
KUUAE0106_KUUAE0034	0	2	0	0	0	4	0
KUUAE0106_KUUAE0051	0	0	0	1	0	0	0
KUUAE0106_KUUAE0071	0	0	0	0	0	5	0
KUUAE0106_KUUAE0100	0	17	0	2	0	50	2
KUUAE0106_KUUAE0102	0	2	0	0	0	4	0
KUUAE0106_KUUAE0106	10597	15770	19132	6486	9436	8080	12926
KUUAE0106_KUUAE0129	0	1	0	0	0	5	0
KUUAE0106_KUUAE0147	1	3	0	0	0	4	0
KUUAE0106_KUUAT0104	0	1	0	0	0	1	0
KUUAE0106_KUUUT0012	0	15	1	0	1	88	0
KUUAE0106_KUUUT0015	0	9	0	1	0	15	0
KUUAE0106_KUUUT0020	0	0	0	0	0	7	0
KUUAE0106_KUUUT0021	0	2	0	0	0	11	1
KUUAE0106_KUUUT0023	0	5	0	0	0	18	0
KUUAE0106_KUUUT0043	12111	6823	5332	15390	5506	16057	8271
KUUAE0106_KUUUT0044	75	99	139	85	94	74	123
KUUAE0106_KSUAT0074	0	2	0	0	0	1	0
KUUAE0106_KSUAT0093	0	31	1	3	0	7	0
KUUAE0106_KSUUT0094	0	3	0	0	0	11	0
KUUAE0106_KUUAE0038	0	0	0	1	0	0	0
KUUAE0106_KUUAE0073	0	1	0	0	0	2	0
KUUAE0106_KUUAT0005	0	0	0	0	0	0	0
KUUAE0106_KUUAT0069	0	3	0	0	0	1	0
KUUAE0106_KUUAT0138	8346	6280	12112	9342	7155	5868	9607
KUUAE0106_KUUUT0016	0	1	0	0	0	1	0
KUUAE0106_KUUUT0050	0	0	0	0	0	1	0
KUUAE0106_KUUAE0046	0	5	0	0	0	1	0
KUUAE0106_KUUAE0093	0	1	0	0	0	2	0
KUUAE0106_KUUAE0122	0	54	0	0	0	21	0
KUUAE0106_KUUAE0127	0	4	0	0	0	0	0
KUUAE0106_KUUAT0006	0	42	0	0	0	5	1
KUUAE0106_KUUAT0010	0	1	0	0	0	2	0
KUUAE0106_KUUAT0023	0	2	0	0	0	1	0
KUUAE0106_KUUAT0119	3140	1775	2049	4035	793	1648	1305
KUUAE0106_KUUAT0123	0	1	0	0	0	1	0
KUUAE0106_KUUUT0013	0	0	0	0	0	0	0
KUUAE0129_KSUUT0003	0	3	0	1	0	2	0
KUUAE0129_KSUUT0008	0	0	0	0	0	0	0
KUUAE0129_KSUUT0025	0	2	0	0	0	6	0
KUUAE0129_KSUUT0100	0	7	0	2	0	4	1
KUUAE0129_KSUUT0114	0	28	0	2	0	9	0
KUUAE0129_KSUUT0124	0	6	0	0	0	7	1
KUUAE0129_KUUAE0003	0	2	0	0	0	2	0
KUUAE0129_KUUAE0004	5769	3045	1904	7183	1647	5488	2539
KUUAE0129_KUUAE0005	0	3	0	0	0	8	0
KUUAE0129_KUUAE0010	0	1	0	1	0	4	0
KUUAE0129_KUUAE0017	0	10	0	3	0	31	3
KUUAE0129_KUUAE0024	0	7	0	0	1	15	0
KUUAE0129_KUUAE0034	1	4	0	1	0	5	1
KUUAE0129_KUUAE0051	14039	8256	9830	17284	3195	4147	3530
KUUAE0129_KUUAE0071	0	2	0	1	0	5	0
KUUAE0129_KUUAE0100	0	3	0	0	0	8	0
KUUAE0129_KUUAE0102	0	2	0	0	0	2	0
KUUAE0129_KUUAE0106	0	2	0	0	0	5	0
KUUAE0129_KUUAE0129	10948	17349	19057	6224	5450	5615	7485
KUUAE0129_KUUAE0147	0	2	0	1	1	10	1
KUUAE0129_KUUAT0104	4392	2974	5064	5835	6658	4592	7620
KUUAE0129_KUUUT0012	0	2	0	1	0	14	2
KUUAE0129_KUUUT0015	0	25	0	0	0	16	1
KUUAE0129_KUUUT0020	0	0	0	0	0	5	0
KUUAE0129_KUUUT0021	10849	6920	9293	13384	40935	42284	51504
KUUAE0129_KUUUT0023	0	22	3	1	0	25	1
KUUAE0129_KUUUT0043	1	2	0	0	0	16	0
KUUAE0129_KUUUT0044	0	11	1	2	0	23	0
KUUAE0129_KSUAT0074	0	14	1	0	0	1	0
KUUAE0129_KSUAT0093	0	5	0	1	0	10	0
KUUAE0129_KSUUT0094	0	1	0	0	0	4	0
KUUAE0129_KUUAE0038	0	0	0	0	0	2	0
KUUAE0129_KUUAE0073	0	4	2	0	0	2	1
KUUAE0129_KUUAT0005	0	0	0	0	0	1	0
KUUAE0129_KUUAT0069	0	1	0	0	0	3	0
KUUAE0129_KUUAT0138	0	2	0	0	0	1	0
KUUAE0129_KUUUT0016	0	4	0	0	0	5	0
KUUAE0129_KUUUT0050	0	2	0	0	0	1	0
KUUAE0129_KUUAE0046	0	1	0	0	0	5	0
KUUAE0129_KUUAE0093	0	0	0	0	0	1	0
KUUAE0129_KUUAE0122	0	15	0	0	0	5	1
KUUAE0129_KUUAE0127	0	1	0	1	0	2	0
KUUAE0129_KUUAT0006	0	0	1	0	0	0	0
KUUAE0129_KUUAT0010	15026	8984	2699	17147	708	4103	1327
KUUAE0129_KUUAT0023	0	2	0	1	0	1	0
KUUAE0129_KUUAT0119	0	1	0	0	0	0	0
KUUAE0129_KUUAT0123	0	1	0	0	0	0	0
KUUAE0129_KUUUT0013	0	0	0	0	0	0	0
KUUAE0147_KSUUT0003	0	3	0	0	0	7	0
KUUAE0147_KSUUT0008	0	0	0	0	0	0	0
KUUAE0147_KSUUT0025	0	1	0	0	0	2	0
KUUAE0147_KSUUT0100	0	16	0	1	1	18	1
KUUAE0147_KSUUT0114	1	2	0	0	0	3	0
KUUAE0147_KSUUT0124	0	3	0	1	1	4	2
KUUAE0147_KUUAE0003	0	4	0	0	0	1	0
KUUAE0147_KUUAE0004	0	0	0	0	0	1	0
KUUAE0147_KUUAE0005	8423	5849	9927	9848	11605	10742	15751
KUUAE0147_KUUAE0010	0	1	0	0	0	2	0
KUUAE0147_KUUAE0017	0	12	0	1	3	30	1
KUUAE0147_KUUAE0024	0	12	0	1	2	25	0
KUUAE0147_KUUAE0034	0	1	0	0	0	0	0
KUUAE0147_KUUAE0051	0	0	0	0	0	0	0
KUUAE0147_KUUAE0071	0	0	0	0	1	8	1
KUUAE0147_KUUAE0100	1	8	0	0	1	60	2
KUUAE0147_KUUAE0102	0	18	0	0	1	8	0
KUUAE0147_KUUAE0106	0	9	0	0	0	22	0
KUUAE0147_KUUAE0129	0	37	1	0	3	91	1
KUUAE0147_KUUAE0147	13615	20953	24772	8313	25848	20431	31472
KUUAE0147_KUUAT0104	1	91	3	1	1	49	0
KUUAE0147_KUUUT0012	0	12	1	1	0	109	2
KUUAE0147_KUUUT0015	0	8	0	0	0	12	0
KUUAE0147_KUUUT0020	0	1	0	0	0	2	0
KUUAE0147_KUUUT0021	1153	790	1450	1532	3718	3073	4459
KUUAE0147_KUUUT0023	0	6	0	1	0	14	1
KUUAE0147_KUUUT0043	7469	4246	2642	9617	6157	21257	9073
KUUAE0147_KUUUT0044	22809	18811	32686	26807	32783	25562	41965
KUUAE0147_KSUAT0074	6592	4439	4265	7617	1506	2760	2418
KUUAE0147_KSUAT0093	0	3	0	0	1	2	0
KUUAE0147_KSUUT0094	0	0	0	0	0	1	0
KUUAE0147_KUUAE0038	0	12	0	1	0	6	0
KUUAE0147_KUUAE0073	0	1	0	0	0	2	0
KUUAE0147_KUUAT0005	0	1	0	0	0	0	0
KUUAE0147_KUUAT0069	0	2	0	1	0	3	0
KUUAE0147_KUUAT0138	0	0	0	0	0	2	0
KUUAE0147_KUUUT0016	0	5	0	0	0	5	0
KUUAE0147_KUUUT0050	0	0	0	0	0	1	0
KUUAE0147_KUUAE0046	0	126	0	1	3	101	2
KUUAE0147_KUUAE0093	0	3	0	0	0	5	0
KUUAE0147_KUUAE0122	0	10	0	0	0	23	1
KUUAE0147_KUUAE0127	1009	703	858	1259	246	273	328
KUUAE0147_KUUAT0006	1294	964	1732	1756	833	697	1167
KUUAE0147_KUUAT0010	1	1	0	0	0	6	0
KUUAE0147_KUUAT0023	0	2	0	1	0	1	0
KUUAE0147_KUUAT0119	0	0	0	0	0	0	0
KUUAE0147_KUUAT0123	0	0	0	0	1	1	0
KUUAE0147_KUUUT0013	0	0	0	1	0	0	0
KUUAT0104_KSUUT0003	0	2	0	0	0	0	0
KUUAT0104_KSUUT0008	0	0	0	0	0	0	0
KUUAT0104_KSUUT0025	0	18	1	0	0	4	0
KUUAT0104_KSUUT0100	0	42	1	0	1	6	0
KUUAT0104_KSUUT0114	5214	3236	2598	6060	1491	3104	2239
KUUAT0104_KSUUT0124	0	10	1	1	0	3	0
KUUAT0104_KUUAE0003	0	2	0	0	0	0	0
KUUAT0104_KUUAE0004	0	0	0	0	0	0	0
KUUAT0104_KUUAE0005	1751	1162	1679	2083	1045	984	1305
KUUAT0104_KUUAE0010	0	0	0	0	0	0	0
KUUAT0104_KUUAE0017	0	6	0	0	0	2	0
KUUAT0104_KUUAE0024	0	5	0	0	0	2	0
KUUAT0104_KUUAE0034	0	0	0	0	0	1	0
KUUAT0104_KUUAE0051	1	0	0	0	0	0	0
KUUAT0104_KUUAE0071	0	0	0	0	0	3	0
KUUAT0104_KUUAE0100	0	2	0	1	0	0	0
KUUAT0104_KUUAE0102	0	1	0	1	0	2	0
KUUAT0104_KUUAE0106	0	10	0	0	1	4	0
KUUAT0104_KUUAE0129	0	3	1	0	1	7	0
KUUAT0104_KUUAE0147	0	1	1	0	0	1	0
KUUAT0104_KUUAT0104	12229	18470	21301	6091	10463	6727	11541
KUUAT0104_KUUUT0012	0	0	0	0	0	1	0
KUUAT0104_KUUUT0015	7521	5246	3511	9290	1450	3696	2127
KUUAT0104_KUUUT0020	0	1	0	0	0	3	0
KUUAT0104_KUUUT0021	0	5	0	0	0	6	0
KUUAT0104_KUUUT0023	0	9	1	0	0	10	0
KUUAT0104_KUUUT0043	0	1	0	0	0	2	0
KUUAT0104_KUUUT0044	0	4	0	1	0	2	0
KUUAT0104_KSUAT0074	0	1	0	0	0	0	0
KUUAT0104_KSUAT0093	0	0	0	0	0	0	0
KUUAT0104_KSUUT0094	0	0	0	0	0	0	0
KUUAT0104_KUUAE0038	0	0	0	0	0	0	0
KUUAT0104_KUUAE0073	0	6	0	0	0	1	0
KUUAT0104_KUUAT0005	0	0	0	0	0	0	0
KUUAT0104_KUUAT0069	0	2	0	0	0	2	0
KUUAT0104_KUUAT0138	0	0	0	0	0	1	0
KUUAT0104_KUUUT0016	0	19	0	0	0	5	0
KUUAT0104_KUUUT0050	1	2	0	0	0	0	0
KUUAT0104_KUUAE0046	0	2	0	0	0	0	0
KUUAT0104_KUUAE0093	0	3	0	0	0	0	0
KUUAT0104_KUUAE0122	13077	9274	12962	15318	2512	1885	2592
KUUAT0104_KUUAE0127	0	1	0	1	0	0	0
KUUAT0104_KUUAT0006	0	4	1	0	0	0	0
KUUAT0104_KUUAT0010	0	0	0	0	0	0	0
KUUAT0104_KUUAT0023	0	2	0	0	0	0	0
KUUAT0104_KUUAT0119	0	5	0	0	0	0	0
KUUAT0104_KUUAT0123	0	0	0	1	0	0	0
KUUAT0104_KUUUT0013	0	0	0	0	0	0	0
KUUUT0012_KSUUT0003	0	0	0	0	0	0	0
KUUUT0012_KSUUT0008	0	0	0	0	0	0	0
KUUUT0012_KSUUT0025	0	0	0	0	0	1	0
KUUUT0012_KSUUT0100	0	1	0	0	0	0	0
KUUUT0012_KSUUT0114	0	1	0	0	0	1	0
KUUUT0012_KSUUT0124	0	3	0	0	0	1	0
KUUUT0012_KUUAE0003	0	0	0	0	0	0	0
KUUUT0012_KUUAE0004	0	0	0	0	0	1	0
KUUUT0012_KUUAE0005	0	6	0	0	0	3	0
KUUUT0012_KUUAE0010	0	0	0	0	0	0	0
KUUUT0012_KUUAE0017	0	130	0	0	0	69	0
KUUUT0012_KUUAE0024	0	0	0	0	0	2	0
KUUUT0012_KUUAE0034	0	0	0	0	0	0	0
KUUUT0012_KUUAE0051	0	0	0	0	0	0	0
KUUUT0012_KUUAE0071	0	0	0	0	0	1	0
KUUUT0012_KUUAE0100	0	0	0	0	0	0	0
KUUUT0012_KUUAE0102	13677	8998	8826	16413	4906	7839	6734
KUUUT0012_KUUAE0106	0	0	0	0	0	0	0
KUUUT0012_KUUAE0129	0	0	0	0	0	0	0
KUUUT0012_KUUAE0147	0	0	0	0	0	0	0
KUUUT0012_KUUAT0104	0	0	0	0	0	1	1
KUUUT0012_KUUUT0012	10815	17101	19293	6264	6898	5305	8154
KUUUT0012_KUUUT0015	0	0	1	0	0	0	0
KUUUT0012_KUUUT0020	0	1	0	0	0	2	0
KUUUT0012_KUUUT0021	0	0	0	0	0	1	1
KUUUT0012_KUUUT0023	0	4	0	0	0	3	0
KUUUT0012_KUUUT0043	0	0	0	0	0	1	1
KUUUT0012_KUUUT0044	0	1	1	1	0	2	0
KUUUT0012_KSUAT0074	0	0	0	0	0	0	0
KUUUT0012_KSUAT0093	0	17	0	0	0	4	0
KUUUT0012_KSUUT0094	0	0	0	0	0	0	0
KUUUT0012_KUUAE0038	0	0	0	0	0	0	0
KUUUT0012_KUUAE0073	7154	5454	9834	8613	1248	677	1155
KUUUT0012_KUUAT0005	3308	1946	2802	4098	1079	1234	1422
KUUUT0012_KUUAT0069	0	1	0	0	0	0	0
KUUUT0012_KUUAT0138	5504	4020	7353	6421	4016	2626	4595
KUUUT0012_KUUUT0016	0	2	0	0	0	0	0
KUUUT0012_KUUUT0050	0	0	0	0	0	0	0
KUUUT0012_KUUAE0046	0	0	0	0	0	1	0
KUUUT0012_KUUAE0093	0	0	0	0	0	0	0
KUUUT0012_KUUAE0122	0	1	0	0	0	0	0
KUUUT0012_KUUAE0127	0	4	0	0	0	0	0
KUUUT0012_KUUAT0006	0	0	0	0	0	0	0
KUUUT0012_KUUAT0010	0	0	0	0	0	0	0
KUUUT0012_KUUAT0023	0	2	0	0	0	0	0
KUUUT0012_KUUAT0119	0	3	0	0	0	0	0
KUUUT0012_KUUAT0123	0	0	0	0	0	0	0
KUUUT0012_KUUUT0013	0	0	0	0	0	0	0
KUUUT0015_KSUUT0003	0	0	0	0	0	0	0
KUUUT0015_KSUUT0008	0	0	0	0	0	0	0
KUUUT0015_KSUUT0025	0	1	0	1	0	1	0
KUUUT0015_KSUUT0100	0	1	0	0	0	1	0
KUUUT0015_KSUUT0114	0	1	0	0	0	0	0
KUUUT0015_KSUUT0124	0	3	0	0	0	5	0
KUUUT0015_KUUAE0003	0	0	0	0	0	0	0
KUUUT0015_KUUAE0004	0	0	0	0	0	0	0
KUUUT0015_KUUAE0005	0	9	0	0	0	3	0
KUUUT0015_KUUAE0010	0	8	0	0	0	1	0
KUUUT0015_KUUAE0017	0	0	0	0	0	5	0
KUUUT0015_KUUAE0024	1	0	0	0	0	3	0
KUUUT0015_KUUAE0034	0	0	0	0	0	0	0
KUUUT0015_KUUAE0051	0	0	0	0	0	1	0
KUUUT0015_KUUAE0071	0	0	0	0	0	0	0
KUUUT0015_KUUAE0100	0	0	0	0	0	1	0
KUUUT0015_KUUAE0102	0	0	0	0	0	0	0
KUUUT0015_KUUAE0106	1465	814	747	1927	577	1483	959
KUUUT0015_KUUAE0129	0	0	0	0	0	1	0
KUUUT0015_KUUAE0147	0	0	0	0	0	0	1
KUUUT0015_KUUAT0104	0	1	0	0	0	0	0
KUUUT0015_KUUUT0012	43	23	22	31	9	17	8
KUUUT0015_KUUUT0015	11095	15765	18868	8080	8574	6502	10461
KUUUT0015_KUUUT0020	262	162	101	396	118	337	147
KUUUT0015_KUUUT0021	0	0	0	0	0	1	0
KUUUT0015_KUUUT0023	0	4	0	2	0	0	0
KUUUT0015_KUUUT0043	0	0	0	1	0	3	0
KUUUT0015_KUUUT0044	0	1	0	0	0	5	0
KUUUT0015_KSUAT0074	0	0	0	0	0	0	0
KUUUT0015_KSUAT0093	0	0	0	1	0	0	0
KUUUT0015_KSUUT0094	0	2	0	0	0	2	0
KUUUT0015_KUUAE0038	0	0	0	0	0	0	0
KUUUT0015_KUUAE0073	0	2	0	0	0	0	0
KUUUT0015_KUUAT0005	1	3	1	11	0	0	1
KUUUT0015_KUUAT0069	0	1	0	0	0	0	0
KUUUT0015_KUUAT0138	0	2	0	0	0	3	0
KUUUT0015_KUUUT0016	6028	3086	421	8220	145	2451	268
KUUUT0015_KUUUT0050	0	0	0	0	0	0	0
KUUUT0015_KUUAE0046	0	0	0	0	0	0	0
KUUUT0015_KUUAE0093	0	3	0	0	0	2	0
KUUUT0015_KUUAE0122	0	0	0	1	0	1	0
KUUUT0015_KUUAE0127	0	0	0	0	0	0	0
KUUUT0015_KUUAT0006	0	0	0	1	0	1	0
KUUUT0015_KUUAT0010	0	0	0	0	0	1	0
KUUUT0015_KUUAT0023	0	6	0	1	0	1	0
KUUUT0015_KUUAT0119	0	2	0	0	0	2	0
KUUUT0015_KUUAT0123	0	0	0	0	0	1	0
KUUUT0015_KUUUT0013	0	0	0	0	0	1	0
KUUUT0020_KSUUT0003	0	3	0	0	0	7	0
KUUUT0020_KSUUT0008	0	0	0	0	0	0	0
KUUUT0020_KSUUT0025	0	3	0	1	0	2	0
KUUUT0020_KSUUT0100	0	4	0	2	0	4	0
KUUUT0020_KSUUT0114	3030	1836	1070	3743	1043	2993	1456
KUUUT0020_KSUUT0124	10343	7168	9668	12923	8294	7766	9434
KUUUT0020_KUUAE0003	0	3	1	0	0	5	0
KUUUT0020_KUUAE0004	0	0	0	0	0	1	0
KUUUT0020_KUUAE0005	3720	2484	2769	4823	2649	3263	3398
KUUUT0020_KUUAE0010	0	0	0	0	0	1	0
KUUUT0020_KUUAE0017	2264	1716	2597	2836	3349	2781	3814
KUUUT0020_KUUAE0024	0	1	1	0	0	12	0
KUUUT0020_KUUAE0034	1250	765	999	1668	1181	1477	1386
KUUUT0020_KUUAE0051	0	1	0	0	0	1	0
KUUUT0020_KUUAE0071	0	1	0	0	0	4	0
KUUUT0020_KUUAE0100	0	0	0	0	0	10	0
KUUUT0020_KUUAE0102	0	5	0	0	0	3	0
KUUUT0020_KUUAE0106	0	8	0	0	0	11	1
KUUUT0020_KUUAE0129	0	10	1	2	1	24	0
KUUUT0020_KUUAE0147	0	2	0	0	1	1	0
KUUUT0020_KUUAT0104	15206	11083	18023	18864	22875	15659	24617
KUUUT0020_KUUUT0012	0	7	0	1	0	7	0
KUUUT0020_KUUUT0015	8343	5450	2670	10848	3031	10346	4181
KUUUT0020_KUUUT0020	9860	14002	17446	6725	13663	9770	15742
KUUUT0020_KUUUT0021	0	3	0	0	0	6	0
KUUUT0020_KUUUT0023	1	8	1	2	0	14	0
KUUUT0020_KUUUT0043	1215	654	246	1667	532	2787	833
KUUUT0020_KUUUT0044	0	8	1	0	0	15	1
KUUUT0020_KSUAT0074	0	1	0	0	0	0	0
KUUUT0020_KSUAT0093	0	3	0	0	0	1	0
KUUUT0020_KSUUT0094	0	2	0	0	0	2	0
KUUUT0020_KUUAE0038	0	0	0	0	0	0	0
KUUUT0020_KUUAE0073	0	1	0	0	0	0	0
KUUUT0020_KUUAT0005	0	0	0	0	0	0	0
KUUUT0020_KUUAT0069	0	2	0	0	0	2	0
KUUUT0020_KUUAT0138	0	0	0	0	0	2	1
KUUUT0020_KUUUT0016	0	8	0	1	0	13	0
KUUUT0020_KUUUT0050	0	0	0	0	0	0	0
KUUUT0020_KUUAE0046	1	3	1	0	0	4	0
KUUUT0020_KUUAE0093	0	3	0	0	0	3	0
KUUUT0020_KUUAE0122	0	27	0	4	0	5	0
KUUUT0020_KUUAE0127	0	2	0	0	0	2	0
KUUUT0020_KUUAT0006	0	20	0	2	0	5	0
KUUUT0020_KUUAT0010	0	0	0	0	0	1	0
KUUUT0020_KUUAT0023	0	2	0	0	0	1	1
KUUUT0020_KUUAT0119	0	0	0	0	0	0	0
KUUUT0020_KUUAT0123	0	0	0	0	0	0	0
KUUUT0020_KUUUT0013	0	0	0	0	0	0	0
KUUUT0021_KSUUT0003	0	0	0	0	0	0	0
KUUUT0021_KSUUT0008	0	0	0	0	0	0	0
KUUUT0021_KSUUT0025	0	0	0	0	0	0	0
KUUUT0021_KSUUT0100	0	0	0	0	0	0	0
KUUUT0021_KSUUT0114	0	0	0	0	0	0	0
KUUUT0021_KSUUT0124	0	0	0	0	0	0	0
KUUUT0021_KUUAE0003	0	0	1	0	0	0	0
KUUUT0021_KUUAE0004	0	0	0	0	0	0	0
KUUUT0021_KUUAE0005	0	0	0	0	0	0	0
KUUUT0021_KUUAE0010	0	0	0	0	0	0	0
KUUUT0021_KUUAE0017	0	0	0	0	0	0	0
KUUUT0021_KUUAE0024	0	0	0	0	0	0	0
KUUUT0021_KUUAE0034	0	0	0	0	0	0	0
KUUUT0021_KUUAE0051	0	0	0	0	0	0	0
KUUUT0021_KUUAE0071	0	0	0	0	0	0	0
KUUUT0021_KUUAE0100	0	0	0	0	0	0	0
KUUUT0021_KUUAE0102	0	0	0	0	0	0	0
KUUUT0021_KUUAE0106	0	0	0	0	0	0	0
KUUUT0021_KUUAE0129	0	0	0	1	0	0	0
KUUUT0021_KUUAE0147	0	0	0	0	0	0	0
KUUUT0021_KUUAT0104	0	0	0	0	0	1	0
KUUUT0021_KUUUT0012	0	0	0	0	0	0	0
KUUUT0021_KUUUT0015	0	0	0	0	0	0	0
KUUUT0021_KUUUT0020	0	0	0	1	0	0	0
KUUUT0021_KUUUT0021	6722	8884	12413	4519	16362	9020	18342
KUUUT0021_KUUUT0023	0	0	0	0	0	0	0
KUUUT0021_KUUUT0043	0	0	0	0	0	0	0
KUUUT0021_KUUUT0044	0	1	0	0	0	0	0
KUUUT0021_KSUAT0074	0	0	0	0	0	0	0
KUUUT0021_KSUAT0093	0	0	0	0	0	0	0
KUUUT0021_KSUUT0094	0	0	0	0	0	0	0
KUUUT0021_KUUAE0038	0	0	0	0	0	0	0
KUUUT0021_KUUAE0073	0	0	0	0	0	0	0
KUUUT0021_KUUAT0005	0	0	0	0	0	0	0
KUUUT0021_KUUAT0069	0	0	0	0	0	0	0
KUUUT0021_KUUAT0138	0	0	0	0	0	0	0
KUUUT0021_KUUUT0016	0	0	0	0	0	0	0
KUUUT0021_KUUUT0050	0	0	0	0	0	0	0
KUUUT0021_KUUAE0046	0	0	0	0	0	0	0
KUUUT0021_KUUAE0093	0	0	0	0	0	0	0
KUUUT0021_KUUAE0122	0	0	0	0	0	0	0
KUUUT0021_KUUAE0127	0	0	0	0	0	0	0
KUUUT0021_KUUAT0006	0	0	0	0	0	0	0
KUUUT0021_KUUAT0010	0	0	0	0	0	0	0
KUUUT0021_KUUAT0023	0	0	0	0	0	0	0
KUUUT0021_KUUAT0119	0	0	0	0	0	0	0
KUUUT0021_KUUAT0123	0	0	0	0	0	0	0
KUUUT0021_KUUUT0013	0	0	0	0	0	0	0
KUUUT0023_KSUUT0003	0	8	1	0	0	12	1
KUUUT0023_KSUUT0008	0	0	0	0	0	0	0
KUUUT0023_KSUUT0025	0	0	1	0	0	3	0
KUUUT0023_KSUUT0100	0	4	0	0	1	9	0
KUUUT0023_KSUUT0114	0	3	0	0	0	4	0
KUUUT0023_KSUUT0124	0	2	0	0	0	5	0
KUUUT0023_KUUAE0003	0	40	0	0	2	25	1
KUUUT0023_KUUAE0004	0	0	0	0	0	0	0
KUUUT0023_KUUAE0005	1	3	0	1	0	3	1
KUUUT0023_KUUAE0010	0	0	0	0	0	2	0
KUUUT0023_KUUAE0017	33417	24228	41905	38905	38399	30815	45290
KUUUT0023_KUUAE0024	0	4	1	0	0	7	0
KUUUT0023_KUUAE0034	0	1	0	0	0	1	0
KUUUT0023_KUUAE0051	0	3	0	0	0	2	0
KUUUT0023_KUUAE0071	13628	7825	7605	15550	12015	22000	16714
KUUUT0023_KUUAE0100	0	2	0	0	0	14	0
KUUUT0023_KUUAE0102	0	3	0	0	0	3	0
KUUUT0023_KUUAE0106	0	0	0	0	0	2	1
KUUUT0023_KUUAE0129	0	1	0	1	0	2	0
KUUUT0023_KUUAE0147	0	3	0	0	0	7	0
KUUUT0023_KUUAT0104	0	3	0	0	0	8	0
KUUUT0023_KUUUT0012	1	2	0	0	0	3	0
KUUUT0023_KUUUT0015	0	12	1	1	0	30	1
KUUUT0023_KUUUT0020	0	0	0	0	0	7	0
KUUUT0023_KUUUT0021	0	1	0	0	0	15	2
KUUUT0023_KUUUT0023	9839	25193	18136	6277	7272	11221	8888
KUUUT0023_KUUUT0043	0	6	0	1	1	28	2
KUUUT0023_KUUUT0044	0	24	4	1	4	83	5
KUUUT0023_KSUAT0074	0	2	0	0	0	1	1
KUUUT0023_KSUAT0093	0	4	0	1	0	4	0
KUUUT0023_KSUUT0094	0	1	0	0	0	3	1
KUUUT0023_KUUAE0038	0	1	0	0	0	0	0
KUUUT0023_KUUAE0073	0	0	0	0	0	2	0
KUUUT0023_KUUAT0005	0	1	0	0	0	0	0
KUUUT0023_KUUAT0069	0	5	1	0	0	0	0
KUUUT0023_KUUAT0138	0	3	0	0	0	3	0
KUUUT0023_KUUUT0016	0	1	0	0	0	1	0
KUUUT0023_KUUUT0050	0	0	0	1	0	0	0
KUUUT0023_KUUAE0046	0	7	0	0	0	6	0
KUUUT0023_KUUAE0093	0	1	1	0	0	2	0
KUUUT0023_KUUAE0122	0	11	0	0	0	1	0
KUUUT0023_KUUAE0127	0	1	0	1	0	2	0
KUUUT0023_KUUAT0006	0	2	0	0	0	2	0
KUUUT0023_KUUAT0010	0	1	0	0	0	2	0
KUUUT0023_KUUAT0023	0	1	0	0	0	0	0
KUUUT0023_KUUAT0119	3416	1712	1156	4387	293	965	479
KUUUT0023_KUUAT0123	549	340	457	688	187	241	223
KUUUT0023_KUUUT0013	0	0	0	0	0	0	0
KUUUT0043_KSUUT0003	0	0	0	0	0	2	0
KUUUT0043_KSUUT0008	0	0	0	0	0	0	0
KUUUT0043_KSUUT0025	0	13	0	0	0	4	0
KUUUT0043_KSUUT0100	0	7	1	1	0	6	0
KUUUT0043_KSUUT0114	1	1	0	0	0	0	0
KUUUT0043_KSUUT0124	1	0	0	0	0	3	0
KUUUT0043_KUUAE0003	0	0	1	0	0	1	0
KUUUT0043_KUUAE0004	0	0	0	0	0	1	0
KUUUT0043_KUUAE0005	1	0	0	0	0	1	0
KUUUT0043_KUUAE0010	0	0	0	0	0	0	0
KUUUT0043_KUUAE0017	1	2	1	0	1	11	0
KUUUT0043_KUUAE0024	0	0	0	0	0	2	0
KUUUT0043_KUUAE0034	0	0	0	0	0	0	0
KUUUT0043_KUUAE0051	0	1	0	0	0	0	0
KUUUT0043_KUUAE0071	0	5	0	0	0	12	1
KUUUT0043_KUUAE0100	5983	3730	2698	7358	4508	11428	5732
KUUUT0043_KUUAE0102	0	8	1	0	1	15	0
KUUUT0043_KUUAE0106	0	1	0	0	0	0	0
KUUUT0043_KUUAE0129	1	0	0	0	0	0	0
KUUUT0043_KUUAE0147	0	1	0	0	1	1	0
KUUUT0043_KUUAT0104	0	0	0	0	0	1	0
KUUUT0043_KUUUT0012	10856	6212	4110	13241	7722	21723	10768
KUUUT0043_KUUUT0015	0	1	0	1	0	11	0
KUUUT0043_KUUUT0020	0	1	0	0	0	2	0
KUUUT0043_KUUUT0021	0	2	0	0	0	10	0
KUUUT0043_KUUUT0023	0	3	1	2	2	10	0
KUUUT0043_KUUUT0043	796	1089	1332	510	2009	2037	2904
KUUUT0043_KUUUT0044	0	1	1	0	1	7	0
KUUUT0043_KSUAT0074	0	0	0	0	0	1	0
KUUUT0043_KSUAT0093	0	0	0	0	0	3	0
KUUUT0043_KSUUT0094	0	1	0	0	0	1	0
KUUUT0043_KUUAE0038	0	0	0	0	0	0	0
KUUUT0043_KUUAE0073	0	5	0	0	0	4	0
KUUUT0043_KUUAT0005	0	1	0	0	0	5	0
KUUUT0043_KUUAT0069	0	1	0	0	0	1	0
KUUUT0043_KUUAT0138	0	5	0	0	1	7	0
KUUUT0043_KUUUT0016	0	0	0	1	0	1	0
KUUUT0043_KUUUT0050	0	0	0	0	0	0	0
KUUUT0043_KUUAE0046	0	0	0	0	0	2	1
KUUUT0043_KUUAE0093	0	0	0	0	0	0	0
KUUUT0043_KUUAE0122	10979	6290	2325	13753	1089	4913	1497
KUUUT0043_KUUAE0127	0	2	0	0	0	1	0
KUUUT0043_KUUAT0006	0	1	0	0	0	0	0
KUUUT0043_KUUAT0010	669	366	17	834	13	453	29
KUUUT0043_KUUAT0023	0	0	0	0	0	0	0
KUUUT0043_KUUAT0119	0	3	0	0	0	0	0
KUUUT0043_KUUAT0123	0	0	0	0	0	2	0
KUUUT0043_KUUUT0013	0	0	0	0	0	0	0
KUUUT0044_KSUUT0003	0	2	0	0	0	1	0
KUUUT0044_KSUUT0008	0	0	0	0	0	0	0
KUUUT0044_KSUUT0025	0	1	0	0	0	0	0
KUUUT0044_KSUUT0100	0	6	0	1	0	2	0
KUUUT0044_KSUUT0114	1	7	0	0	0	4	0
KUUUT0044_KSUUT0124	0	15	0	0	0	0	0
KUUUT0044_KUUAE0003	0	5	0	1	0	1	0
KUUUT0044_KUUAE0004	0	0	0	0	0	1	0
KUUUT0044_KUUAE0005	0	9	0	0	0	3	0
KUUUT0044_KUUAE0010	0	0	0	0	0	0	0
KUUUT0044_KUUAE0017	1	19	1	1	0	18	0
KUUUT0044_KUUAE0024	0	3	0	0	0	6	0
KUUUT0044_KUUAE0034	0	1	0	0	0	2	0
KUUUT0044_KUUAE0051	0	1	0	1	0	0	0
KUUUT0044_KUUAE0071	0	5	0	0	0	3	0
KUUUT0044_KUUAE0100	0	17	0	0	0	1	0
KUUUT0044_KUUAE0102	0	1	0	0	0	1	0
KUUUT0044_KUUAE0106	0	1	1	0	0	1	0
KUUUT0044_KUUAE0129	0	0	0	0	0	1	0
KUUUT0044_KUUAE0147	0	1	0	1	0	5	1
KUUUT0044_KUUAT0104	14422	10585	19210	17398	10769	7058	12099
KUUUT0044_KUUUT0012	0	4	0	0	0	2	0
KUUUT0044_KUUUT0015	0	29	1	3	0	14	0
KUUUT0044_KUUUT0020	1	2	0	0	0	1	0
KUUUT0044_KUUUT0021	0	3	0	0	1	3	0
KUUUT0044_KUUUT0023	0	16	0	1	1	3	1
KUUUT0044_KUUUT0043	0	5	1	0	0	5	0
KUUUT0044_KUUUT0044	9137	22512	16096	5189	5923	6874	5899
KUUUT0044_KSUAT0074	1715	1052	1015	1959	220	383	319
KUUUT0044_KSUAT0093	487	329	406	551	124	166	156
KUUUT0044_KSUUT0094	0	2	0	0	0	2	0
KUUUT0044_KUUAE0038	4053	2665	4432	4809	1944	1398	2111
KUUUT0044_KUUAE0073	0	7	0	0	0	1	0
KUUUT0044_KUUAT0005	0	2	1	0	0	0	0
KUUUT0044_KUUAT0069	0	3	0	1	0	1	0
KUUUT0044_KUUAT0138	0	1	0	0	0	0	0
KUUUT0044_KUUUT0016	0	14	0	2	0	4	0
KUUUT0044_KUUUT0050	0	0	0	1	0	0	0
KUUUT0044_KUUAE0046	30009	21164	32592	37588	18962	15694	20859
KUUUT0044_KUUAE0093	0	0	1	2	0	0	0
KUUUT0044_KUUAE0122	0	29	0	3	0	3	0
KUUUT0044_KUUAE0127	11497	6974	8730	14373	1472	1981	1958
KUUUT0044_KUUAT0006	0	4	1	0	0	0	0
KUUUT0044_KUUAT0010	0	2	0	1	0	0	0
KUUUT0044_KUUAT0023	0	3	0	0	0	0	0
KUUUT0044_KUUAT0119	0	1	0	1	0	0	0
KUUUT0044_KUUAT0123	0	0	0	2	0	0	0
KUUUT0044_KUUUT0013	0	0	0	0	0	0	0
KSUAT0074_KSUUT0003	0	0	0	0	0	0	0
KSUAT0074_KSUUT0008	0	0	0	0	0	0	0
KSUAT0074_KSUUT0025	0	0	0	0	0	0	0
KSUAT0074_KSUUT0100	0	0	0	0	0	0	0
KSUAT0074_KSUUT0114	0	0	0	0	0	0	0
KSUAT0074_KSUUT0124	0	0	0	0	0	0	0
KSUAT0074_KUUAE0003	0	0	0	0	0	0	0
KSUAT0074_KUUAE0004	0	0	0	0	0	0	0
KSUAT0074_KUUAE0005	0	0	0	0	0	0	0
KSUAT0074_KUUAE0010	0	0	0	0	0	0	0
KSUAT0074_KUUAE0017	0	0	0	0	0	1	0
KSUAT0074_KUUAE0024	0	1	0	0	0	0	0
KSUAT0074_KUUAE0034	0	1	0	1	0	0	0
KSUAT0074_KUUAE0051	0	0	0	0	0	0	0
KSUAT0074_KUUAE0071	0	0	0	0	0	0	0
KSUAT0074_KUUAE0100	0	0	0	0	0	0	0
KSUAT0074_KUUAE0102	0	0	0	1	0	0	0
KSUAT0074_KUUAE0106	0	0	0	0	0	0	0
KSUAT0074_KUUAE0129	0	0	0	0	0	0	0
KSUAT0074_KUUAE0147	0	0	0	0	0	0	0
KSUAT0074_KUUAT0104	0	9	0	0	0	4	0
KSUAT0074_KUUUT0012	0	0	0	0	0	0	0
KSUAT0074_KUUUT0015	0	3	0	0	0	1	0
KSUAT0074_KUUUT0020	0	0	0	0	0	0	0
KSUAT0074_KUUUT0021	0	0	0	0	0	0	0
KSUAT0074_KUUUT0023	0	0	0	0	0	1	0
KSUAT0074_KUUUT0043	0	0	0	0	0	0	0
KSUAT0074_KUUUT0044	5996	4150	4143	7288	978	1545	1380
KSUAT0074_KSUAT0074	14439	16293	24394	8901	3474	1928	4091
KSUAT0074_KSUAT0093	0	1	0	0	0	0	0
KSUAT0074_KSUUT0094	0	0	0	0	0	0	0
KSUAT0074_KUUAE0038	0	1	0	0	0	0	0
KSUAT0074_KUUAE0073	0	0	0	0	0	0	0
KSUAT0074_KUUAT0005	0	0	0	0	0	0	0
KSUAT0074_KUUAT0069	0	0	0	0	0	0	0
KSUAT0074_KUUAT0138	0	0	0	0	0	0	0
KSUAT0074_KUUUT0016	0	0	0	0	0	0	0
KSUAT0074_KUUUT0050	0	0	0	0	0	0	0
KSUAT0074_KUUAE0046	0	17	0	0	0	3	0
KSUAT0074_KUUAE0093	0	0	0	0	0	0	0
KSUAT0074_KUUAE0122	0	1	0	0	0	0	0
KSUAT0074_KUUAE0127	0	6	0	0	0	1	0
KSUAT0074_KUUAT0006	0	0	0	0	0	0	0
KSUAT0074_KUUAT0010	0	0	0	0	0	0	0
KSUAT0074_KUUAT0023	0	0	0	0	0	0	0
KSUAT0074_KUUAT0119	0	0	0	1	0	0	0
KSUAT0074_KUUAT0123	0	0	0	0	0	0	0
KSUAT0074_KUUUT0013	0	0	0	0	0	0	0
KSUAT0093_KSUUT0003	0	1	0	0	0	1	0
KSUAT0093_KSUUT0008	1	1	0	2	0	0	0
KSUAT0093_KSUUT0025	0	0	0	0	0	0	0
KSUAT0093_KSUUT0100	0	4	0	0	1	0	0
KSUAT0093_KSUUT0114	0	0	0	0	0	0	1
KSUAT0093_KSUUT0124	0	2	0	0	0	2	0
KSUAT0093_KUUAE0003	1	0	0	0	0	0	0
KSUAT0093_KUUAE0004	0	0	0	0	0	0	0
KSUAT0093_KUUAE0005	0	1	0	1	0	1	0
KSUAT0093_KUUAE0010	0	0	0	0	0	0	0
KSUAT0093_KUUAE0017	0	1	0	0	0	2	1
KSUAT0093_KUUAE0024	0	0	0	0	0	0	0
KSUAT0093_KUUAE0034	0	0	0	0	0	0	0
KSUAT0093_KUUAE0051	0	0	0	0	0	1	0
KSUAT0093_KUUAE0071	6869	3594	1999	7911	860	3505	1392
KSUAT0093_KUUAE0100	0	4	0	0	0	4	0
KSUAT0093_KUUAE0102	0	1	0	0	0	0	0
KSUAT0093_KUUAE0106	0	2	0	0	0	0	0
KSUAT0093_KUUAE0129	0	1	0	0	0	1	0
KSUAT0093_KUUAE0147	0	0	0	0	0	0	0
KSUAT0093_KUUAT0104	0	0	0	0	0	1	0
KSUAT0093_KUUUT0012	0	2	0	0	0	3	0
KSUAT0093_KUUUT0015	0	2	0	0	0	4	0
KSUAT0093_KUUUT0020	0	1	0	0	0	1	0
KSUAT0093_KUUUT0021	0	0	0	0	0	1	0
KSUAT0093_KUUUT0023	1	11	1	0	0	13	0
KSUAT0093_KUUUT0043	1724	775	155	2159	92	1058	163
KSUAT0093_KUUUT0044	0	12	0	1	0	10	0
KSUAT0093_KSUAT0074	345	204	102	455	9	38	18
KSUAT0093_KSUAT0093	12385	17822	21894	8372	3055	2156	4223
KSUAT0093_KSUUT0094	0	0	0	0	0	1	0
KSUAT0093_KUUAE0038	0	0	0	0	0	0	0
KSUAT0093_KUUAE0073	0	0	1	0	0	0	0
KSUAT0093_KUUAT0005	0	0	0	0	0	0	0
KSUAT0093_KUUAT0069	0	1	0	0	0	0	0
KSUAT0093_KUUAT0138	0	0	0	0	0	1	0
KSUAT0093_KUUUT0016	0	1	0	0	0	0	0
KSUAT0093_KUUUT0050	0	0	0	0	0	0	0
KSUAT0093_KUUAE0046	0	1	0	0	0	0	0
KSUAT0093_KUUAE0093	0	1	0	0	0	0	0
KSUAT0093_KUUAE0122	0	5	0	1	0	1	0
KSUAT0093_KUUAE0127	0	1	0	0	0	0	0
KSUAT0093_KUUAT0006	0	2	0	2	0	0	0
KSUAT0093_KUUAT0010	0	0	0	1	0	0	0
KSUAT0093_KUUAT0023	0	0	0	0	0	1	0
KSUAT0093_KUUAT0119	0	0	0	0	0	0	0
KSUAT0093_KUUAT0123	0	0	0	0	0	1	0
KSUAT0093_KUUUT0013	0	0	0	0	0	0	0
KSUUT0094_KSUUT0003	0	0	0	0	0	3	0
KSUUT0094_KSUUT0008	0	0	0	0	0	0	0
KSUUT0094_KSUUT0025	1	0	0	2	0	7	0
KSUUT0094_KSUUT0100	5959	4113	5000	7543	5933	6601	7358
KSUUT0094_KSUUT0114	3744	2225	1145	4670	342	1477	609
KSUUT0094_KSUUT0124	0	8	2	1	0	5	0
KSUUT0094_KUUAE0003	1	2	1	1	0	1	0
KSUUT0094_KUUAE0004	0	0	0	0	0	1	0
KSUUT0094_KUUAE0005	1	4	0	2	0	6	1
KSUUT0094_KUUAE0010	0	5	0	0	0	1	0
KSUUT0094_KUUAE0017	0	21	1	0	0	70	1
KSUUT0094_KUUAE0024	8098	4984	5674	8860	9048	12629	11830
KSUUT0094_KUUAE0034	5899	3538	3997	7560	5950	9392	7944
KSUUT0094_KUUAE0051	0	2	0	0	0	0	0
KSUUT0094_KUUAE0071	0	3	0	0	0	7	0
KSUUT0094_KUUAE0100	0	9	0	1	0	9	0
KSUUT0094_KUUAE0102	0	1	0	0	0	1	0
KSUUT0094_KUUAE0106	0	4	0	1	0	11	1
KSUUT0094_KUUAE0129	0	2	0	0	0	5	0
KSUUT0094_KUUAE0147	0	2	0	0	0	5	1
KSUUT0094_KUUAT0104	0	1	0	2	0	7	0
KSUUT0094_KUUUT0012	0	3	0	0	0	6	0
KSUUT0094_KUUUT0015	10282	6742	2170	11054	1730	8398	2819
KSUUT0094_KUUUT0020	0	3	0	0	0	5	1
KSUUT0094_KUUUT0021	1	4	0	0	1	13	1
KSUUT0094_KUUUT0023	0	17	0	0	1	19	0
KSUUT0094_KUUUT0043	0	2	0	1	0	9	0
KSUUT0094_KUUUT0044	0	16	2	3	2	38	2
KSUUT0094_KSUAT0074	0	2	0	0	0	2	0
KSUUT0094_KSUAT0093	0	3	0	0	0	5	1
KSUUT0094_KSUUT0094	9500	14613	17240	6358	2157	2721	2586
KSUUT0094_KUUAE0038	0	0	0	0	0	0	0
KSUUT0094_KUUAE0073	8686	6145	9520	10656	7232	5683	8389
KSUUT0094_KUUAT0005	0	0	0	0	0	0	0
KSUUT0094_KUUAT0069	9306	6051	5735	12423	3065	4362	4024
KSUUT0094_KUUAT0138	0	1	0	0	0	0	0
KSUUT0094_KUUUT0016	2141	1230	549	2517	308	1239	492
KSUUT0094_KUUUT0050	0	0	0	0	0	0	0
KSUUT0094_KUUAE0046	0	9	0	0	0	8	1
KSUUT0094_KUUAE0093	0	0	0	0	0	0	0
KSUUT0094_KUUAE0122	0	2	0	0	0	5	0
KSUUT0094_KUUAE0127	0	3	1	0	0	0	0
KSUUT0094_KUUAT0006	0	7	0	3	0	2	0
KSUUT0094_KUUAT0010	0	1	0	0	0	1	0
KSUUT0094_KUUAT0023	0	7	1	0	0	8	0
KSUUT0094_KUUAT0119	1	8	0	0	0	0	0
KSUUT0094_KUUAT0123	0	7	0	0	0	5	0
KSUUT0094_KUUUT0013	0	1	0	1	0	0	0
KUUAE0038_KSUUT0003	0	0	0	0	0	1	0
KUUAE0038_KSUUT0008	0	0	0	0	0	0	0
KUUAE0038_KSUUT0025	0	0	0	0	0	0	0
KUUAE0038_KSUUT0100	0	3	0	0	0	0	0
KUUAE0038_KSUUT0114	1143	689	500	1402	188	430	251
KUUAE0038_KSUUT0124	0	5	0	0	0	3	1
KUUAE0038_KUUAE0003	0	1	0	0	0	0	0
KUUAE0038_KUUAE0004	0	0	0	0	0	0	0
KUUAE0038_KUUAE0005	0	2	0	0	0	1	0
KUUAE0038_KUUAE0010	0	0	0	1	0	0	0
KUUAE0038_KUUAE0017	0	3	0	0	1	3	0
KUUAE0038_KUUAE0024	0	0	0	0	0	0	0
KUUAE0038_KUUAE0034	0	1	0	0	0	0	0
KUUAE0038_KUUAE0051	0	1	0	0	0	0	0
KUUAE0038_KUUAE0071	0	3	1	0	0	3	0
KUUAE0038_KUUAE0100	7420	5674	9305	9035	3492	2670	3509
KUUAE0038_KUUAE0102	0	0	0	0	0	0	0
KUUAE0038_KUUAE0106	0	0	0	0	0	0	0
KUUAE0038_KUUAE0129	0	0	0	0	0	0	0
KUUAE0038_KUUAE0147	0	2	0	0	0	0	0
KUUAE0038_KUUAT0104	0	0	0	0	0	2	0
KUUAE0038_KUUUT0012	0	1	0	0	0	0	0
KUUAE0038_KUUUT0015	0	6	0	0	0	1	0
KUUAE0038_KUUUT0020	0	0	0	0	0	0	0
KUUAE0038_KUUUT0021	0	0	0	0	0	2	0
KUUAE0038_KUUUT0023	0	5	0	0	0	2	0
KUUAE0038_KUUUT0043	0	1	0	0	0	1	0
KUUAE0038_KUUUT0044	0	3	0	0	0	0	0
KUUAE0038_KSUAT0074	0	0	0	0	0	0	0
KUUAE0038_KSUAT0093	0	0	0	0	0	0	0
KUUAE0038_KSUUT0094	0	0	0	0	0	0	0
KUUAE0038_KUUAE0038	10930	14862	18888	6412	3287	2063	3677
KUUAE0038_KUUAE0073	2981	2193	3580	3886	1280	895	1337
KUUAE0038_KUUAT0005	0	0	0	0	0	0	0
KUUAE0038_KUUAT0069	0	2	0	0	0	0	0
KUUAE0038_KUUAT0138	0	1	0	0	0	0	0
KUUAE0038_KUUUT0016	0	2	0	0	0	1	0
KUUAE0038_KUUUT0050	0	0	0	0	0	0	0
KUUAE0038_KUUAE0046	0	0	0	0	0	0	0
KUUAE0038_KUUAE0093	0	0	0	0	0	0	0
KUUAE0038_KUUAE0122	0	5	0	1	0	0	0
KUUAE0038_KUUAE0127	0	0	0	0	0	0	0
KUUAE0038_KUUAT0006	0	1	0	0	0	0	0
KUUAE0038_KUUAT0010	0	0	0	0	0	0	0
KUUAE0038_KUUAT0023	0	0	0	0	0	0	0
KUUAE0038_KUUAT0119	0	1	0	0	0	0	0
KUUAE0038_KUUAT0123	0	0	0	0	0	0	0
KUUAE0038_KUUUT0013	0	0	0	0	0	0	0
KUUAE0073_KSUUT0003	0	0	0	0	0	0	0
KUUAE0073_KSUUT0008	0	0	0	0	0	0	0
KUUAE0073_KSUUT0025	0	0	0	0	0	0	0
KUUAE0073_KSUUT0100	0	0	0	0	0	0	0
KUUAE0073_KSUUT0114	0	0	0	0	0	0	0
KUUAE0073_KSUUT0124	0	1	0	0	0	0	0
KUUAE0073_KUUAE0003	0	6	1	0	0	0	0
KUUAE0073_KUUAE0004	0	0	0	0	0	0	0
KUUAE0073_KUUAE0005	0	0	0	0	0	0	0
KUUAE0073_KUUAE0010	0	0	0	0	0	0	0
KUUAE0073_KUUAE0017	0	0	0	0	0	0	0
KUUAE0073_KUUAE0024	0	0	0	0	0	0	0
KUUAE0073_KUUAE0034	0	1	0	0	0	0	0
KUUAE0073_KUUAE0051	0	0	0	0	0	0	0
KUUAE0073_KUUAE0071	0	0	0	0	0	0	0
KUUAE0073_KUUAE0100	0	1	0	0	0	0	0
KUUAE0073_KUUAE0102	0	0	0	0	0	0	0
KUUAE0073_KUUAE0106	0	0	0	0	0	0	0
KUUAE0073_KUUAE0129	0	0	0	1	0	0	0
KUUAE0073_KUUAE0147	0	0	0	0	0	0	0
KUUAE0073_KUUAT0104	0	0	0	0	0	0	0
KUUAE0073_KUUUT0012	0	0	0	0	0	0	0
KUUAE0073_KUUUT0015	0	2	0	0	0	0	0
KUUAE0073_KUUUT0020	0	1	0	0	0	0	0
KUUAE0073_KUUUT0021	0	0	0	0	0	0	0
KUUAE0073_KUUUT0023	0	1	0	0	0	0	0
KUUAE0073_KUUUT0043	0	0	0	0	0	0	0
KUUAE0073_KUUUT0044	0	0	0	0	0	0	0
KUUAE0073_KSUAT0074	0	0	0	0	0	0	0
KUUAE0073_KSUAT0093	0	0	0	0	0	0	0
KUUAE0073_KSUUT0094	0	1	0	0	0	0	0
KUUAE0073_KUUAE0038	0	0	0	0	0	0	0
KUUAE0073_KUUAE0073	5083	7699	9303	3187	1285	797	1614
KUUAE0073_KUUAT0005	0	0	0	0	0	0	0
KUUAE0073_KUUAT0069	0	1	0	0	0	0	0
KUUAE0073_KUUAT0138	0	1	0	0	0	0	0
KUUAE0073_KUUUT0016	0	0	0	0	0	0	0
KUUAE0073_KUUUT0050	0	0	0	0	0	0	0
KUUAE0073_KUUAE0046	0	0	0	0	0	0	0
KUUAE0073_KUUAE0093	0	1	0	0	0	0	0
KUUAE0073_KUUAE0122	0	8	0	0	0	0	0
KUUAE0073_KUUAE0127	0	1	0	0	0	0	0
KUUAE0073_KUUAT0006	0	0	0	0	0	0	0
KUUAE0073_KUUAT0010	0	0	0	0	0	0	0
KUUAE0073_KUUAT0023	0	0	0	0	0	0	0
KUUAE0073_KUUAT0119	4736	2627	2350	6337	91	208	164
KUUAE0073_KUUAT0123	0	0	0	0	0	0	0
KUUAE0073_KUUUT0013	1	0	0	0	0	0	0
KUUAT0005_KSUUT0003	0	0	0	0	0	0	0
KUUAT0005_KSUUT0008	0	0	0	0	0	0	0
KUUAT0005_KSUUT0025	0	0	0	0	0	0	0
KUUAT0005_KSUUT0100	0	0	0	0	0	0	0
KUUAT0005_KSUUT0114	0	0	0	0	0	0	0
KUUAT0005_KSUUT0124	0	2	0	0	0	0	0
KUUAT0005_KUUAE0003	0	0	0	0	0	0	0
KUUAT0005_KUUAE0004	0	0	0	0	0	0	0
KUUAT0005_KUUAE0005	0	0	0	0	0	0	0
KUUAT0005_KUUAE0010	0	0	0	0	0	0	0
KUUAT0005_KUUAE0017	0	1	0	0	0	0	0
KUUAT0005_KUUAE0024	0	0	0	0	0	0	0
KUUAT0005_KUUAE0034	0	0	0	0	0	0	0
KUUAT0005_KUUAE0051	0	0	0	0	0	0	0
KUUAT0005_KUUAE0071	0	0	0	0	0	0	0
KUUAT0005_KUUAE0100	0	0	0	0	0	1	0
KUUAT0005_KUUAE0102	0	0	0	0	0	0	0
KUUAT0005_KUUAE0106	0	0	0	0	0	0	0
KUUAT0005_KUUAE0129	0	0	0	0	0	0	0
KUUAT0005_KUUAE0147	0	0	0	0	0	0	0
KUUAT0005_KUUAT0104	0	0	0	0	0	0	0
KUUAT0005_KUUUT0012	0	0	0	0	0	0	0
KUUAT0005_KUUUT0015	0	0	0	0	0	0	0
KUUAT0005_KUUUT0020	0	0	0	0	0	0	0
KUUAT0005_KUUUT0021	0	0	0	0	0	0	0
KUUAT0005_KUUUT0023	0	0	0	0	0	0	0
KUUAT0005_KUUUT0043	0	0	0	0	0	0	0
KUUAT0005_KUUUT0044	0	0	0	1	0	0	0
KUUAT0005_KSUAT0074	0	0	0	0	0	0	0
KUUAT0005_KSUAT0093	0	0	0	0	0	0	0
KUUAT0005_KSUUT0094	0	0	0	0	0	0	0
KUUAT0005_KUUAE0038	0	0	0	0	0	0	0
KUUAT0005_KUUAE0073	0	0	0	0	0	0	0
KUUAT0005_KUUAT0005	2365	2726	4380	1668	461	312	761
KUUAT0005_KUUAT0069	0	1	0	0	0	0	0
KUUAT0005_KUUAT0138	0	0	0	0	0	0	0
KUUAT0005_KUUUT0016	0	0	0	0	0	0	0
KUUAT0005_KUUUT0050	0	0	0	0	0	0	0
KUUAT0005_KUUAE0046	0	0	0	0	0	0	0
KUUAT0005_KUUAE0093	0	0	0	0	0	0	0
KUUAT0005_KUUAE0122	0	0	0	0	0	0	0
KUUAT0005_KUUAE0127	2170	1119	677	2692	20	51	21
KUUAT0005_KUUAT0006	0	0	0	0	0	0	0
KUUAT0005_KUUAT0010	0	0	0	0	0	0	0
KUUAT0005_KUUAT0023	0	0	0	0	0	0	0
KUUAT0005_KUUAT0119	0	0	0	0	0	0	0
KUUAT0005_KUUAT0123	0	0	0	0	0	0	0
KUUAT0005_KUUUT0013	0	0	0	0	0	0	0
KUUAT0069_KSUUT0003	0	0	0	0	0	1	0
KUUAT0069_KSUUT0008	0	0	0	0	0	0	0
KUUAT0069_KSUUT0025	0	0	0	0	0	0	0
KUUAT0069_KSUUT0100	0	1	0	0	0	1	0
KUUAT0069_KSUUT0114	0	1	0	0	0	1	0
KUUAT0069_KSUUT0124	0	4	0	0	0	1	0
KUUAT0069_KUUAE0003	0	0	0	0	0	0	0
KUUAT0069_KUUAE0004	0	0	0	0	0	0	0
KUUAT0069_KUUAE0005	0	0	0	0	0	0	0
KUUAT0069_KUUAE0010	0	1	0	0	0	0	0
KUUAT0069_KUUAE0017	0	1	0	0	0	1	0
KUUAT0069_KUUAE0024	0	1	0	0	0	1	0
KUUAT0069_KUUAE0034	0	0	0	0	0	0	0
KUUAT0069_KUUAE0051	0	0	0	0	0	0	0
KUUAT0069_KUUAE0071	0	1	0	0	0	3	1
KUUAT0069_KUUAE0100	3671	2554	3929	4601	1040	972	1367
KUUAT0069_KUUAE0102	0	0	0	0	0	0	1
KUUAT0069_KUUAE0106	0	0	0	0	0	0	0
KUUAT0069_KUUAE0129	0	0	0	0	0	0	0
KUUAT0069_KUUAE0147	0	0	0	0	0	1	0
KUUAT0069_KUUAT0104	0	1	0	0	0	1	0
KUUAT0069_KUUUT0012	0	0	0	1	0	0	0
KUUAT0069_KUUUT0015	0	1	0	0	0	2	0
KUUAT0069_KUUUT0020	0	1	0	0	0	0	0
KUUAT0069_KUUUT0021	0	0	0	0	0	0	0
KUUAT0069_KUUUT0023	0	1	0	0	0	2	0
KUUAT0069_KUUUT0043	0	2	0	0	0	0	0
KUUAT0069_KUUUT0044	0	2	0	0	0	1	0
KUUAT0069_KSUAT0074	0	1	0	0	0	0	0
KUUAT0069_KSUAT0093	0	4	0	0	0	0	0
KUUAT0069_KSUUT0094	0	0	0	0	0	0	0
KUUAT0069_KUUAE0038	0	0	0	0	0	0	0
KUUAT0069_KUUAE0073	0	1	0	0	0	0	0
KUUAT0069_KUUAT0005	0	0	0	0	0	0	0
KUUAT0069_KUUAT0069	7596	10816	13657	5255	1847	1159	2544
KUUAT0069_KUUAT0138	0	0	0	0	0	1	0
KUUAT0069_KUUUT0016	0	5	1	0	0	0	0
KUUAT0069_KUUUT0050	0	0	0	0	0	0	0
KUUAT0069_KUUAE0046	6879	4287	4702	8595	1156	1562	1530
KUUAT0069_KUUAE0093	0	0	0	0	0	0	0
KUUAT0069_KUUAE0122	0	2	0	0	0	0	0
KUUAT0069_KUUAE0127	0	1	0	0	0	0	0
KUUAT0069_KUUAT0006	0	0	0	1	0	0	0
KUUAT0069_KUUAT0010	0	0	0	0	0	0	0
KUUAT0069_KUUAT0023	0	1	0	1	0	0	0
KUUAT0069_KUUAT0119	0	0	0	0	0	1	0
KUUAT0069_KUUAT0123	0	0	0	0	0	0	0
KUUAT0069_KUUUT0013	0	0	0	0	0	0	0
KUUAT0138_KSUUT0003	0	0	0	0	0	3	0
KUUAT0138_KSUUT0008	0	0	0	0	0	0	0
KUUAT0138_KSUUT0025	0	0	0	0	0	0	0
KUUAT0138_KSUUT0100	0	5	0	0	0	0	0
KUUAT0138_KSUUT0114	0	2	0	1	0	0	0
KUUAT0138_KSUUT0124	0	1	0	0	0	1	0
KUUAT0138_KUUAE0003	0	0	0	0	0	0	0
KUUAT0138_KUUAE0004	0	0	0	0	0	0	0
KUUAT0138_KUUAE0005	3821	2528	3147	4321	1209	1526	1783
KUUAT0138_KUUAE0010	0	1	0	0	0	0	0
KUUAT0138_KUUAE0017	0	5	0	0	0	0	0
KUUAT0138_KUUAE0024	0	3	0	0	0	1	0
KUUAT0138_KUUAE0034	0	0	0	0	0	0	0
KUUAT0138_KUUAE0051	0	1	0	0	0	0	0
KUUAT0138_KUUAE0071	0	8	0	0	0	1	0
KUUAT0138_KUUAE0100	0	0	0	0	0	0	0
KUUAT0138_KUUAE0102	0	1	0	0	0	1	0
KUUAT0138_KUUAE0106	0	4	0	0	0	0	0
KUUAT0138_KUUAE0129	0	9	0	0	0	6	0
KUUAT0138_KUUAE0147	1	1	0	0	0	0	0
KUUAT0138_KUUAT0104	0	0	0	0	0	0	0
KUUAT0138_KUUUT0012	0	1	0	0	0	0	0
KUUAT0138_KUUUT0015	0	3	0	0	0	1	0
KUUAT0138_KUUUT0020	0	0	0	0	0	1	0
KUUAT0138_KUUUT0021	0	0	0	0	0	2	0
KUUAT0138_KUUUT0023	0	3	0	0	0	1	0
KUUAT0138_KUUUT0043	0	0	0	0	0	1	0
KUUAT0138_KUUUT0044	0	2	0	0	0	0	0
KUUAT0138_KSUAT0074	0	0	0	0	0	0	0
KUUAT0138_KSUAT0093	10544	6993	8355	12107	1579	2186	2394
KUUAT0138_KSUUT0094	0	0	0	0	0	0	0
KUUAT0138_KUUAE0038	0	0	0	0	0	0	0
KUUAT0138_KUUAE0073	0	0	0	0	0	0	0
KUUAT0138_KUUAT0005	0	0	0	0	0	0	0
KUUAT0138_KUUAT0069	0	1	0	0	0	0	0
KUUAT0138_KUUAT0138	5949	9297	10858	3154	1595	1201	1799
KUUAT0138_KUUUT0016	0	0	0	0	0	0	0
KUUAT0138_KUUUT0050	0	0	0	0	0	0	0
KUUAT0138_KUUAE0046	0	0	1	0	0	0	0
KUUAT0138_KUUAE0093	0	1	0	0	0	0	0
KUUAT0138_KUUAE0122	0	2	0	0	0	0	0
KUUAT0138_KUUAE0127	0	0	0	0	0	0	0
KUUAT0138_KUUAT0006	0	0	0	1	0	1	0
KUUAT0138_KUUAT0010	0	0	0	0	0	0	0
KUUAT0138_KUUAT0023	0	1	0	0	0	0	0
KUUAT0138_KUUAT0119	0	0	0	0	0	0	0
KUUAT0138_KUUAT0123	0	0	0	0	0	0	0
KUUAT0138_KUUUT0013	0	0	0	0	0	0	0
KUUUT0016_KSUUT0003	0	4	0	0	0	3	1
KUUUT0016_KSUUT0008	0	0	0	0	0	0	0
KUUUT0016_KSUUT0025	1586	867	120	2001	54	847	78
KUUUT0016_KSUUT0100	0	15	0	3	0	15	0
KUUUT0016_KSUUT0114	0	1	0	2	0	5	0
KUUUT0016_KSUUT0124	0	28	3	2	0	5	0
KUUUT0016_KUUAE0003	0	0	0	0	0	1	0
KUUUT0016_KUUAE0004	0	0	0	0	0	0	0
KUUUT0016_KUUAE0005	20836	12691	4440	24761	1551	7111	2300
KUUUT0016_KUUAE0010	10855	7102	6491	13214	3464	5846	4875
KUUUT0016_KUUAE0017	1	45	1	2	2	24	1
KUUUT0016_KUUAE0024	0	9	0	2	2	14	0
KUUUT0016_KUUAE0034	0	3	0	0	0	4	0
KUUUT0016_KUUAE0051	0	1	0	0	0	0	0
KUUUT0016_KUUAE0071	0	10	0	0	0	7	1
KUUUT0016_KUUAE0100	0	1	1	0	0	3	0
KUUUT0016_KUUAE0102	1	9	0	1	0	3	0
KUUUT0016_KUUAE0106	0	10	0	0	0	11	0
KUUUT0016_KUUAE0129	0	38	0	2	0	33	1
KUUUT0016_KUUAE0147	0	9	0	0	0	5	0
KUUUT0016_KUUAT0104	1	2	0	5	0	3	0
KUUUT0016_KUUUT0012	0	11	1	1	0	10	0
KUUUT0016_KUUUT0015	1	21	1	3	0	8	0
KUUUT0016_KUUUT0020	0	1	0	1	0	5	0
KUUUT0016_KUUUT0021	1	1	0	1	1	4	0
KUUUT0016_KUUUT0023	10213	6746	3843	12122	1246	3737	1758
KUUUT0016_KUUUT0043	0	1	0	0	0	9	1
KUUUT0016_KUUUT0044	0	6	0	1	0	5	0
KUUUT0016_KSUAT0074	0	0	0	0	0	1	0
KUUUT0016_KSUAT0093	0	3	0	0	0	3	0
KUUUT0016_KSUUT0094	6345	3666	1637	7756	1364	5293	2017
KUUUT0016_KUUAE0038	0	0	0	0	0	0	0
KUUUT0016_KUUAE0073	2031	1340	1089	2463	228	500	355
KUUUT0016_KUUAT0005	0	0	0	0	0	0	0
KUUUT0016_KUUAT0069	0	5	1	0	0	2	0
KUUUT0016_KUUAT0138	2	0	0	0	0	2	0
KUUUT0016_KUUUT0016	6012	10654	10266	3876	1288	1364	1922
KUUUT0016_KUUUT0050	0	0	0	0	0	0	0
KUUUT0016_KUUAE0046	0	1	0	1	0	3	0
KUUUT0016_KUUAE0093	4490	2923	2200	5496	536	1142	741
KUUUT0016_KUUAE0122	1	9	0	1	0	1	0
KUUUT0016_KUUAE0127	0	3	0	1	0	0	0
KUUUT0016_KUUAT0006	0	3	0	1	0	0	0
KUUUT0016_KUUAT0010	0	0	0	0	0	1	0
KUUUT0016_KUUAT0023	12868	7224	2481	14664	376	1679	551
KUUUT0016_KUUAT0119	1747	894	119	2179	13	292	23
KUUUT0016_KUUAT0123	0	0	0	0	0	0	0
KUUUT0016_KUUUT0013	3727	1761	693	5789	174	762	215
KUUUT0050_KSUUT0003	0	0	0	0	0	0	0
KUUUT0050_KSUUT0008	0	0	0	0	0	0	0
KUUUT0050_KSUUT0025	0	0	0	0	0	0	0
KUUUT0050_KSUUT0100	0	0	0	0	0	0	0
KUUUT0050_KSUUT0114	0	0	0	0	0	0	0
KUUUT0050_KSUUT0124	0	0	0	0	0	0	0
KUUUT0050_KUUAE0003	0	1	0	0	0	0	0
KUUUT0050_KUUAE0004	0	0	0	0	0	0	0
KUUUT0050_KUUAE0005	0	0	0	0	0	0	0
KUUUT0050_KUUAE0010	0	0	0	0	0	0	0
KUUUT0050_KUUAE0017	279	181	232	345	79	172	170
KUUUT0050_KUUAE0024	0	0	0	0	0	0	0
KUUUT0050_KUUAE0034	0	0	0	0	0	0	0
KUUUT0050_KUUAE0051	0	0	0	0	0	0	0
KUUUT0050_KUUAE0071	0	0	0	0	0	0	0
KUUUT0050_KUUAE0100	0	0	0	1	0	0	0
KUUUT0050_KUUAE0102	0	0	0	0	0	0	0
KUUUT0050_KUUAE0106	0	0	0	0	0	0	0
KUUUT0050_KUUAE0129	0	0	0	0	0	0	0
KUUUT0050_KUUAE0147	0	0	0	0	0	0	0
KUUUT0050_KUUAT0104	0	0	0	0	0	0	0
KUUUT0050_KUUUT0012	0	0	0	0	0	0	0
KUUUT0050_KUUUT0015	0	0	0	0	0	0	0
KUUUT0050_KUUUT0020	0	0	0	0	0	0	0
KUUUT0050_KUUUT0021	0	0	0	0	0	0	0
KUUUT0050_KUUUT0023	0	0	0	0	0	0	0
KUUUT0050_KUUUT0043	0	0	0	0	0	0	0
KUUUT0050_KUUUT0044	0	0	0	0	0	0	1
KUUUT0050_KSUAT0074	0	0	0	0	0	0	0
KUUUT0050_KSUAT0093	0	0	0	0	0	0	0
KUUUT0050_KSUUT0094	0	0	0	0	0	0	0
KUUUT0050_KUUAE0038	0	0	0	0	0	0	0
KUUUT0050_KUUAE0073	0	0	0	0	0	0	0
KUUUT0050_KUUAT0005	0	0	0	0	0	0	0
KUUUT0050_KUUAT0069	0	1	0	0	0	0	0
KUUUT0050_KUUAT0138	0	0	0	0	0	0	0
KUUUT0050_KUUUT0016	0	0	0	0	0	0	0
KUUUT0050_KUUUT0050	3728	4370	6550	2532	842	572	1099
KUUUT0050_KUUAE0046	0	0	0	0	0	0	0
KUUUT0050_KUUAE0093	0	0	0	0	1	0	0
KUUUT0050_KUUAE0122	0	0	0	0	0	0	0
KUUUT0050_KUUAE0127	0	0	0	0	0	0	0
KUUUT0050_KUUAT0006	0	0	0	0	0	0	0
KUUUT0050_KUUAT0010	0	0	0	0	0	0	0
KUUUT0050_KUUAT0023	0	0	0	0	0	0	0
KUUUT0050_KUUAT0119	0	0	0	0	0	0	0
KUUUT0050_KUUAT0123	0	0	0	0	0	0	0
KUUUT0050_KUUUT0013	0	0	0	0	0	0	0
KUUAE0046_KSUUT0003	0	0	0	0	0	0	0
KUUAE0046_KSUUT0008	0	0	0	0	0	0	0
KUUAE0046_KSUUT0025	0	0	0	0	0	0	0
KUUAE0046_KSUUT0100	0	0	0	0	0	0	0
KUUAE0046_KSUUT0114	0	2	0	0	0	0	0
KUUAE0046_KSUUT0124	0	1	0	0	0	1	0
KUUAE0046_KUUAE0003	0	0	0	0	0	0	0
KUUAE0046_KUUAE0004	0	0	0	0	0	0	0
KUUAE0046_KUUAE0005	0	11	0	0	0	1	0
KUUAE0046_KUUAE0010	0	3	1	0	0	2	0
KUUAE0046_KUUAE0017	0	2	0	0	0	1	0
KUUAE0046_KUUAE0024	0	0	0	0	0	0	0
KUUAE0046_KUUAE0034	0	0	0	0	0	0	0
KUUAE0046_KUUAE0051	0	0	0	0	0	0	0
KUUAE0046_KUUAE0071	0	0	0	0	0	0	0
KUUAE0046_KUUAE0100	0	0	0	0	0	0	0
KUUAE0046_KUUAE0102	0	0	0	0	0	0	0
KUUAE0046_KUUAE0106	0	0	0	0	0	0	0
KUUAE0046_KUUAE0129	0	0	0	0	0	0	0
KUUAE0046_KUUAE0147	0	0	0	0	0	0	0
KUUAE0046_KUUAT0104	0	0	0	0	0	0	0
KUUAE0046_KUUUT0012	0	1	0	0	0	1	0
KUUAE0046_KUUUT0015	0	1	0	0	0	0	0
KUUAE0046_KUUUT0020	0	0	0	0	0	1	0
KUUAE0046_KUUUT0021	0	0	0	0	0	0	0
KUUAE0046_KUUUT0023	1	10	0	1	0	0	0
KUUAE0046_KUUUT0043	0	0	0	0	0	0	0
KUUAE0046_KUUUT0044	0	1	0	0	0	0	0
KUUAE0046_KSUAT0074	0	0	0	0	0	0	0
KUUAE0046_KSUAT0093	0	1	0	0	0	0	0
KUUAE0046_KSUUT0094	0	2	0	0	0	1	0
KUUAE0046_KUUAE0038	0	0	0	0	0	0	0
KUUAE0046_KUUAE0073	0	3	0	0	0	1	0
KUUAE0046_KUUAT0005	0	0	0	0	0	0	0
KUUAE0046_KUUAT0069	0	0	0	0	0	0	0
KUUAE0046_KUUAT0138	0	0	0	0	0	0	0
KUUAE0046_KUUUT0016	5190	2752	1629	6034	224	799	366
KUUAE0046_KUUUT0050	0	0	0	0	0	0	0
KUUAE0046_KUUAE0046	7397	10696	12975	5029	457	345	806
KUUAE0046_KUUAE0093	6	4	9	7	1	1	1
KUUAE0046_KUUAE0122	0	0	0	0	0	0	0
KUUAE0046_KUUAE0127	0	1	0	0	0	0	0
KUUAE0046_KUUAT0006	1	1	0	0	0	0	0
KUUAE0046_KUUAT0010	0	0	0	0	0	0	0
KUUAE0046_KUUAT0023	0	7	0	0	0	0	0
KUUAE0046_KUUAT0119	0	1	0	1	0	0	0
KUUAE0046_KUUAT0123	0	0	0	0	0	0	0
KUUAE0046_KUUUT0013	300	135	142	422	25	58	39
KUUAE0093_KSUUT0003	0	7	1	0	0	5	0
KUUAE0093_KSUUT0008	0	0	0	0	0	0	0
KUUAE0093_KSUUT0025	2	3	0	0	0	1	0
KUUAE0093_KSUUT0100	0	1	1	0	0	6	0
KUUAE0093_KSUUT0114	0	2	0	1	0	1	0
KUUAE0093_KSUUT0124	0	6	0	0	0	0	0
KUUAE0093_KUUAE0003	0	27	0	0	0	11	0
KUUAE0093_KUUAE0004	0	0	0	0	0	0	0
KUUAE0093_KUUAE0005	2407	1652	2234	3009	719	789	1014
KUUAE0093_KUUAE0010	0	0	0	0	0	1	0
KUUAE0093_KUUAE0017	20228	16219	25199	21340	11100	8963	14431
KUUAE0093_KUUAE0024	1	2	0	1	0	0	0
KUUAE0093_KUUAE0034	0	0	0	1	0	7	1
KUUAE0093_KUUAE0051	0	5	0	0	0	0	0
KUUAE0093_KUUAE0071	0	15	2	1	0	12	1
KUUAE0093_KUUAE0100	0	1	0	0	0	2	0
KUUAE0093_KUUAE0102	0	2	0	1	0	1	0
KUUAE0093_KUUAE0106	0	5	0	0	0	0	0
KUUAE0093_KUUAE0129	0	8	0	0	0	3	1
KUUAE0093_KUUAE0147	12834	10147	17513	16235	15918	12499	18432
KUUAE0093_KUUAT0104	0	0	0	1	0	1	0
KUUAE0093_KUUUT0012	72	44	76	70	24	18	28
KUUAE0093_KUUUT0015	1	12	1	0	0	14	0
KUUAE0093_KUUUT0020	0	1	0	0	0	6	0
KUUAE0093_KUUUT0021	0	1	1	0	1	11	0
KUUAE0093_KUUUT0023	11666	9158	13218	14382	2768	2612	3926
KUUAE0093_KUUUT0043	0	8	0	1	0	27	0
KUUAE0093_KUUUT0044	1	41	1	0	1	40	0
KUUAE0093_KSUAT0074	0	10	0	0	1	7	0
KUUAE0093_KSUAT0093	10764	7604	8191	12989	884	1149	1195
KUUAE0093_KSUUT0094	0	0	2	0	0	2	0
KUUAE0093_KUUAE0038	0	0	0	0	0	0	0
KUUAE0093_KUUAE0073	0	1	0	0	0	1	0
KUUAE0093_KUUAT0005	0	1	0	0	0	0	0
KUUAE0093_KUUAT0069	0	0	1	0	0	0	0
KUUAE0093_KUUAT0138	0	1	0	0	0	0	0
KUUAE0093_KUUUT0016	0	2	1	0	0	0	0
KUUAE0093_KUUUT0050	0	0	0	0	0	0	0
KUUAE0093_KUUAE0046	0	2	0	0	0	5	0
KUUAE0093_KUUAE0093	3181	5320	5686	1626	179	165	206
KUUAE0093_KUUAE0122	0	6	0	1	0	0	0
KUUAE0093_KUUAE0127	1	3	0	0	0	1	0
KUUAE0093_KUUAT0006	0	5	0	0	0	5	0
KUUAE0093_KUUAT0010	0	0	0	0	0	0	0
KUUAE0093_KUUAT0023	0	1	0	0	0	0	0
KUUAE0093_KUUAT0119	0	1	0	0	0	0	0
KUUAE0093_KUUAT0123	0	0	1	0	0	0	0
KUUAE0093_KUUUT0013	0	0	0	0	0	0	0
KUUAE0122_KSUUT0003	0	0	0	0	0	1	0
KUUAE0122_KSUUT0008	0	0	0	0	0	0	0
KUUAE0122_KSUUT0025	15853	8322	4355	19561	1998	7628	3134
KUUAE0122_KSUUT0100	13214	8603	13079	17939	3629	3802	4820
KUUAE0122_KSUUT0114	0	1	0	0	0	1	0
KUUAE0122_KSUUT0124	0	4	1	1	0	3	0
KUUAE0122_KUUAE0003	0	11	0	0	0	0	0
KUUAE0122_KUUAE0004	0	1	0	0	0	1	0
KUUAE0122_KUUAE0005	0	2	0	0	1	4	0
KUUAE0122_KUUAE0010	0	7	1	0	0	4	0
KUUAE0122_KUUAE0017	1	9	1	0	0	6	0
KUUAE0122_KUUAE0024	0	1	0	0	0	3	0
KUUAE0122_KUUAE0034	1	3	0	0	0	2	0
KUUAE0122_KUUAE0051	0	1	0	0	0	0	0
KUUAE0122_KUUAE0071	0	0	0	1	0	4	0
KUUAE0122_KUUAE0100	0	1	0	0	0	2	0
KUUAE0122_KUUAE0102	0	1	0	0	0	1	0
KUUAE0122_KUUAE0106	0	1	0	0	0	1	0
KUUAE0122_KUUAE0129	0	13	0	0	1	20	0
KUUAE0122_KUUAE0147	0	0	0	0	0	0	0
KUUAE0122_KUUAT0104	0	0	0	0	0	1	0
KUUAE0122_KUUUT0012	1	4	0	0	0	5	0
KUUAE0122_KUUUT0015	0	9	0	1	0	8	0
KUUAE0122_KUUUT0020	0	3	0	1	0	10	1
KUUAE0122_KUUUT0021	520	443	700	934	1427	1082	1313
KUUAE0122_KUUUT0023	0	8	0	2	0	4	0
KUUAE0122_KUUUT0043	1	1	0	0	0	2	0
KUUAE0122_KUUUT0044	0	2	0	1	0	3	1
KUUAE0122_KSUAT0074	0	0	0	0	0	1	0
KUUAE0122_KSUAT0093	0	12	0	1	0	11	0
KUUAE0122_KSUUT0094	0	4	0	0	0	5	0
KUUAE0122_KUUAE0038	0	0	0	0	0	0	0
KUUAE0122_KUUAE0073	0	1	0	0	0	0	0
KUUAE0122_KUUAT0005	0	0	0	0	0	0	0
KUUAE0122_KUUAT0069	0	3	0	0	0	1	0
KUUAE0122_KUUAT0138	0	0	0	0	0	0	0
KUUAE0122_KUUUT0016	0	0	0	1	0	3	0
KUUAE0122_KUUUT0050	0	1	0	0	0	0	0
KUUAE0122_KUUAE0046	0	1	0	1	0	1	0
KUUAE0122_KUUAE0093	0	0	0	0	0	0	0
KUUAE0122_KUUAE0122	8434	16262	14751	4960	865	736	933
KUUAE0122_KUUAE0127	0	1	0	0	0	0	0
KUUAE0122_KUUAT0006	0	2	0	0	0	1	0
KUUAE0122_KUUAT0010	0	0	0	0	0	0	0
KUUAE0122_KUUAT0023	261	145	150	301	13	17	17
KUUAE0122_KUUAT0119	5231	2746	1265	6933	20	89	38
KUUAE0122_KUUAT0123	0	0	0	0	0	0	0
KUUAE0122_KUUUT0013	0	1	0	0	0	0	0
KUUAE0127_KSUUT0003	0	0	0	0	0	0	0
KUUAE0127_KSUUT0008	0	0	0	0	0	0	0
KUUAE0127_KSUUT0025	0	0	0	0	0	0	0
KUUAE0127_KSUUT0100	0	0	0	0	0	0	0
KUUAE0127_KSUUT0114	0	1	0	0	0	0	0
KUUAE0127_KSUUT0124	10670	6261	6153	13965	72	110	127
KUUAE0127_KUUAE0003	0	0	0	0	0	0	0
KUUAE0127_KUUAE0004	0	0	0	0	0	0	0
KUUAE0127_KUUAE0005	0	3	0	0	0	0	0
KUUAE0127_KUUAE0010	0	1	0	0	0	0	0
KUUAE0127_KUUAE0017	0	1	0	0	0	2	0
KUUAE0127_KUUAE0024	0	2	0	0	0	0	0
KUUAE0127_KUUAE0034	0	0	0	0	0	0	0
KUUAE0127_KUUAE0051	0	0	0	0	0	0	0
KUUAE0127_KUUAE0071	1442	756	382	1702	51	201	84
KUUAE0127_KUUAE0100	0	1	0	0	0	0	0
KUUAE0127_KUUAE0102	0	2	0	0	0	0	0
KUUAE0127_KUUAE0106	0	0	0	0	0	0	0
KUUAE0127_KUUAE0129	0	1	0	0	0	0	0
KUUAE0127_KUUAE0147	0	1	0	0	0	0	0
KUUAE0127_KUUAT0104	0	2	0	0	0	0	0
KUUAE0127_KUUUT0012	0	0	0	0	0	0	0
KUUAE0127_KUUUT0015	0	3	0	0	0	0	0
KUUAE0127_KUUUT0020	0	0	0	0	0	0	0
KUUAE0127_KUUUT0021	0	0	0	0	0	1	0
KUUAE0127_KUUUT0023	0	7	1	0	0	0	0
KUUAE0127_KUUUT0043	0	0	0	1	0	0	0
KUUAE0127_KUUUT0044	0	4	0	1	0	1	0
KUUAE0127_KSUAT0074	0	0	0	0	0	0	0
KUUAE0127_KSUAT0093	0	3	0	0	0	0	0
KUUAE0127_KSUUT0094	0	2	0	0	0	0	0
KUUAE0127_KUUAE0038	0	0	0	0	0	0	0
KUUAE0127_KUUAE0073	0	0	1	1	0	0	0
KUUAE0127_KUUAT0005	0	0	0	0	0	0	0
KUUAE0127_KUUAT0069	0	0	0	0	0	0	0
KUUAE0127_KUUAT0138	0	1	0	0	0	0	0
KUUAE0127_KUUUT0016	284	139	38	361	1	13	4
KUUAE0127_KUUUT0050	0	0	0	0	0	0	0
KUUAE0127_KUUAE0046	0	0	0	0	0	0	0
KUUAE0127_KUUAE0093	0	0	0	0	0	0	0
KUUAE0127_KUUAE0122	0	6	0	0	0	0	0
KUUAE0127_KUUAE0127	5811	7620	9995	4041	447	267	593
KUUAE0127_KUUAT0006	0	19	1	1	0	0	0
KUUAE0127_KUUAT0010	0	0	0	0	0	0	0
KUUAE0127_KUUAT0023	0	0	0	0	0	0	0
KUUAE0127_KUUAT0119	0	0	0	0	0	0	0
KUUAE0127_KUUAT0123	0	1	0	0	0	0	0
KUUAE0127_KUUUT0013	1	0	0	0	0	0	0
KUUAT0006_KSUUT0003	0	0	0	0	0	0	0
KUUAT0006_KSUUT0008	0	0	0	0	0	0	0
KUUAT0006_KSUUT0025	0	4	0	0	0	1	0
KUUAT0006_KSUUT0100	0	10	0	0	0	0	0
KUUAT0006_KSUUT0114	0	3	0	0	0	2	0
KUUAT0006_KSUUT0124	0	2	0	0	0	3	0
KUUAT0006_KUUAE0003	17993	12574	21486	23220	3932	3455	6151
KUUAT0006_KUUAE0004	0	0	0	0	0	0	0
KUUAT0006_KUUAE0005	0	2	0	0	0	1	0
KUUAT0006_KUUAE0010	0	0	0	0	0	0	0
KUUAT0006_KUUAE0017	1	6	0	3	0	1	0
KUUAT0006_KUUAE0024	0	0	0	0	0	4	0
KUUAT0006_KUUAE0034	0	1	0	0	0	0	0
KUUAT0006_KUUAE0051	0	1	0	0	0	1	0
KUUAT0006_KUUAE0071	0	0	0	0	0	0	0
KUUAT0006_KUUAE0100	0	5	0	1	0	1	0
KUUAT0006_KUUAE0102	0	0	0	0	0	0	0
KUUAT0006_KUUAE0106	0	0	0	0	0	0	0
KUUAT0006_KUUAE0129	0	1	0	0	0	1	0
KUUAT0006_KUUAE0147	0	1	0	0	0	0	0
KUUAT0006_KUUAT0104	0	2	0	0	0	3	0
KUUAT0006_KUUUT0012	0	1	0	0	0	2	0
KUUAT0006_KUUUT0015	0	5	0	1	0	2	0
KUUAT0006_KUUUT0020	865	531	894	1159	527	508	677
KUUAT0006_KUUUT0021	0	0	1	0	0	0	0
KUUAT0006_KUUUT0023	0	10	1	1	0	1	0
KUUAT0006_KUUUT0043	0	3	0	0	0	1	0
KUUAT0006_KUUUT0044	0	5	0	2	0	0	0
KUUAT0006_KSUAT0074	0	0	0	0	0	0	0
KUUAT0006_KSUAT0093	0	0	0	0	1	2	0
KUUAT0006_KSUUT0094	0	1	0	0	0	0	0
KUUAT0006_KUUAE0038	0	0	0	0	0	0	0
KUUAT0006_KUUAE0073	0	2	0	0	0	1	0
KUUAT0006_KUUAT0005	0	0	0	0	0	0	0
KUUAT0006_KUUAT0069	0	42	0	0	0	2	0
KUUAT0006_KUUAT0138	0	1	0	0	0	0	0
KUUAT0006_KUUUT0016	0	0	0	0	0	0	0
KUUAT0006_KUUUT0050	0	0	0	0	0	0	0
KUUAT0006_KUUAE0046	0	0	0	0	0	0	0
KUUAT0006_KUUAE0093	0	2	0	1	0	0	0
KUUAT0006_KUUAE0122	4396	2889	3509	5638	154	180	208
KUUAT0006_KUUAE0127	0	1	0	0	0	0	0
KUUAT0006_KUUAT0006	6424	11113	11560	4580	487	401	634
KUUAT0006_KUUAT0010	0	2	0	0	0	1	0
KUUAT0006_KUUAT0023	0	1	0	0	0	0	0
KUUAT0006_KUUAT0119	2	3	0	2	0	0	0
KUUAT0006_KUUAT0123	0	0	0	0	0	0	0
KUUAT0006_KUUUT0013	0	0	0	0	0	0	0
KUUAT0010_KSUUT0003	0	0	0	0	0	0	0
KUUAT0010_KSUUT0008	0	0	0	0	0	0	0
KUUAT0010_KSUUT0025	0	0	0	0	0	0	0
KUUAT0010_KSUUT0100	0	0	0	0	0	0	0
KUUAT0010_KSUUT0114	0	1	0	0	0	0	0
KUUAT0010_KSUUT0124	1	0	0	1	0	0	0
KUUAT0010_KUUAE0003	0	0	0	0	0	0	0
KUUAT0010_KUUAE0004	0	0	0	0	0	0	0
KUUAT0010_KUUAE0005	0	0	0	0	0	0	0
KUUAT0010_KUUAE0010	0	0	0	0	0	0	0
KUUAT0010_KUUAE0017	0	0	0	0	0	0	0
KUUAT0010_KUUAE0024	0	1	0	0	0	0	0
KUUAT0010_KUUAE0034	0	0	0	0	0	0	0
KUUAT0010_KUUAE0051	0	0	0	0	0	0	0
KUUAT0010_KUUAE0071	0	0	0	0	0	0	0
KUUAT0010_KUUAE0100	0	0	0	0	0	0	0
KUUAT0010_KUUAE0102	0	0	0	0	0	0	0
KUUAT0010_KUUAE0106	0	2	0	0	0	1	0
KUUAT0010_KUUAE0129	0	0	0	1	0	0	0
KUUAT0010_KUUAE0147	0	0	0	0	0	0	0
KUUAT0010_KUUAT0104	0	0	0	0	0	0	0
KUUAT0010_KUUUT0012	0	0	0	0	0	0	0
KUUAT0010_KUUUT0015	2606	1547	104	3118	14	445	17
KUUAT0010_KUUUT0020	0	0	0	0	0	0	0
KUUAT0010_KUUUT0021	0	0	0	0	0	0	0
KUUAT0010_KUUUT0023	0	0	0	0	0	0	0
KUUAT0010_KUUUT0043	0	0	0	0	0	0	0
KUUAT0010_KUUUT0044	0	0	0	0	0	0	0
KUUAT0010_KSUAT0074	0	0	0	0	0	0	0
KUUAT0010_KSUAT0093	0	0	0	0	0	0	0
KUUAT0010_KSUUT0094	0	0	0	0	0	0	0
KUUAT0010_KUUAE0038	0	0	0	0	0	0	0
KUUAT0010_KUUAE0073	0	0	0	0	0	0	0
KUUAT0010_KUUAT0005	0	0	0	0	0	0	0
KUUAT0010_KUUAT0069	0	0	0	0	0	0	0
KUUAT0010_KUUAT0138	0	0	0	0	0	0	0
KUUAT0010_KUUUT0016	0	3	0	1	0	2	0
KUUAT0010_KUUUT0050	0	0	0	0	0	0	0
KUUAT0010_KUUAE0046	0	0	0	0	0	0	0
KUUAT0010_KUUAE0093	0	0	0	0	0	0	0
KUUAT0010_KUUAE0122	0	0	0	0	0	0	0
KUUAT0010_KUUAE0127	0	0	0	0	0	0	0
KUUAT0010_KUUAT0006	0	1	0	0	0	0	0
KUUAT0010_KUUAT0010	9271	10059	15127	5861	303	207	366
KUUAT0010_KUUAT0023	0	0	0	0	0	0	0
KUUAT0010_KUUAT0119	0	0	0	0	0	0	0
KUUAT0010_KUUAT0123	0	0	0	1	0	0	0
KUUAT0010_KUUUT0013	0	0	0	0	0	0	0
KUUAT0023_KSUUT0003	0	0	0	1	0	0	0
KUUAT0023_KSUUT0008	0	0	0	0	0	0	0
KUUAT0023_KSUUT0025	0	0	0	0	0	0	0
KUUAT0023_KSUUT0100	0	1	0	1	0	2	0
KUUAT0023_KSUUT0114	0	0	0	0	0	0	0
KUUAT0023_KSUUT0124	12404	6975	7151	14080	996	1729	1434
KUUAT0023_KUUAE0003	0	1	0	0	0	0	0
KUUAT0023_KUUAE0004	0	0	0	0	0	0	0
KUUAT0023_KUUAE0005	0	0	0	0	0	0	0
KUUAT0023_KUUAE0010	1	0	0	0	0	0	0
KUUAT0023_KUUAE0017	0	12	0	1	0	9	0
KUUAT0023_KUUAE0024	0	0	0	0	0	1	0
KUUAT0023_KUUAE0034	0	0	0	0	0	0	0
KUUAT0023_KUUAE0051	0	0	0	0	0	0	0
KUUAT0023_KUUAE0071	1	3	0	0	0	2	1
KUUAT0023_KUUAE0100	0	2	0	0	0	0	0
KUUAT0023_KUUAE0102	0	0	0	0	0	0	0
KUUAT0023_KUUAE0106	0	2	0	0	0	0	0
KUUAT0023_KUUAE0129	0	1	1	0	0	0	0
KUUAT0023_KUUAE0147	0	0	0	0	0	1	0
KUUAT0023_KUUAT0104	0	0	0	0	0	0	0
KUUAT0023_KUUUT0012	0	1	0	0	0	0	0
KUUAT0023_KUUUT0015	0	3	0	2	0	1	0
KUUAT0023_KUUUT0020	0	1	0	0	0	1	0
KUUAT0023_KUUUT0021	0	1	0	0	0	0	0
KUUAT0023_KUUUT0023	6106	3657	4279	6922	1150	1656	1594
KUUAT0023_KUUUT0043	0	0	0	0	0	2	0
KUUAT0023_KUUUT0044	0	3	0	0	0	3	0
KUUAT0023_KSUAT0074	0	0	0	0	0	0	0
KUUAT0023_KSUAT0093	0	4	0	0	0	0	0
KUUAT0023_KSUUT0094	0	0	0	0	0	0	0
KUUAT0023_KUUAE0038	0	0	0	0	0	0	0
KUUAT0023_KUUAE0073	0	0	0	0	0	0	0
KUUAT0023_KUUAT0005	0	0	0	0	0	0	0
KUUAT0023_KUUAT0069	0	0	0	0	0	0	0
KUUAT0023_KUUAT0138	0	1	0	0	0	0	0
KUUAT0023_KUUUT0016	0	1	0	0	0	1	0
KUUAT0023_KUUUT0050	0	0	0	0	0	0	0
KUUAT0023_KUUAE0046	585	347	352	665	72	130	130
KUUAT0023_KUUAE0093	0	0	0	0	0	0	0
KUUAT0023_KUUAE0122	0	10	0	0	0	0	0
KUUAT0023_KUUAE0127	0	2	0	0	0	0	0
KUUAT0023_KUUAT0006	0	17	0	1	0	2	0
KUUAT0023_KUUAT0010	0	0	0	0	0	0	0
KUUAT0023_KUUAT0023	11849	16800	19974	6601	625	489	942
KUUAT0023_KUUAT0119	0	0	0	0	0	0	0
KUUAT0023_KUUAT0123	0	1	0	0	0	0	0
KUUAT0023_KUUUT0013	0	0	0	0	0	0	0
KUUAT0119_KSUUT0003	0	0	0	0	0	3	0
KUUAT0119_KSUUT0008	0	0	0	0	0	0	0
KUUAT0119_KSUUT0025	0	12	0	1	0	2	0
KUUAT0119_KSUUT0100	0	21	0	1	0	3	0
KUUAT0119_KSUUT0114	1	2	0	0	0	0	0
KUUAT0119_KSUUT0124	0	1	0	2	0	0	0
KUUAT0119_KUUAE0003	14421	8806	6465	18187	1472	3928	2615
KUUAT0119_KUUAE0004	0	0	0	0	0	1	0
KUUAT0119_KUUAE0005	0	0	0	2	0	0	0
KUUAT0119_KUUAE0010	0	0	0	0	0	0	0
KUUAT0119_KUUAE0017	1	4	0	1	0	6	0
KUUAT0119_KUUAE0024	0	1	0	0	0	1	0
KUUAT0119_KUUAE0034	0	0	0	0	0	1	0
KUUAT0119_KUUAE0051	0	0	0	0	0	0	0
KUUAT0119_KUUAE0071	1	0	0	0	0	1	0
KUUAT0119_KUUAE0100	0	2	0	0	0	8	0
KUUAT0119_KUUAE0102	0	0	0	0	0	0	0
KUUAT0119_KUUAE0106	0	1	0	0	0	0	0
KUUAT0119_KUUAE0129	0	0	0	0	0	0	0
KUUAT0119_KUUAE0147	0	2	0	0	0	2	0
KUUAT0119_KUUAT0104	0	0	0	0	0	1	1
KUUAT0119_KUUUT0012	0	2	1	1	0	7	0
KUUAT0119_KUUUT0015	70	51	3	81	1	20	0
KUUAT0119_KUUUT0020	0	0	0	0	0	1	0
KUUAT0119_KUUUT0021	0	2	0	0	0	9	0
KUUAT0119_KUUUT0023	1	9	1	1	0	3	0
KUUAT0119_KUUUT0043	2376	1137	66	3279	69	2439	80
KUUAT0119_KUUUT0044	0	2	0	0	0	4	0
KUUAT0119_KSUAT0074	0	1	0	0	0	0	0
KUUAT0119_KSUAT0093	0	3	0	0	0	1	0
KUUAT0119_KSUUT0094	0	0	0	0	0	0	0
KUUAT0119_KUUAE0038	0	0	0	0	0	0	0
KUUAT0119_KUUAE0073	0	2	0	0	0	1	0
KUUAT0119_KUUAT0005	0	0	0	0	0	0	0
KUUAT0119_KUUAT0069	0	14	1	0	0	2	0
KUUAT0119_KUUAT0138	0	0	0	0	0	0	1
KUUAT0119_KUUUT0016	0	0	0	1	0	0	0
KUUAT0119_KUUUT0050	0	1	0	0	0	0	0
KUUAT0119_KUUAE0046	1	0	0	0	0	0	0
KUUAT0119_KUUAE0093	0	0	0	0	0	0	0
KUUAT0119_KUUAE0122	15035	8947	3249	19419	158	787	299
KUUAT0119_KUUAE0127	0	2	0	0	0	2	0
KUUAT0119_KUUAT0006	1	1	0	1	0	0	0
KUUAT0119_KUUAT0010	0	0	0	0	0	1	0
KUUAT0119_KUUAT0023	0	1	0	0	0	0	0
KUUAT0119_KUUAT0119	1531	2220	2639	1207	30	56	74
KUUAT0119_KUUAT0123	0	1	0	0	0	1	0
KUUAT0119_KUUUT0013	0	0	0	0	0	0	0
KUUAT0123_KSUUT0003	1	1	0	0	0	2	0
KUUAT0123_KSUUT0008	0	0	0	0	0	0	0
KUUAT0123_KSUUT0025	0	6	0	0	0	8	0
KUUAT0123_KSUUT0100	3751	2491	2928	4560	741	1152	1053
KUUAT0123_KSUUT0114	13454	7665	3416	16031	464	2443	869
KUUAT0123_KSUUT0124	0	11	1	2	0	1	0
KUUAT0123_KUUAE0003	0	14	0	0	0	1	0
KUUAT0123_KUUAE0004	0	0	0	0	0	0	0
KUUAT0123_KUUAE0005	0	1	0	0	0	4	0
KUUAT0123_KUUAE0010	0	0	0	0	0	0	0
KUUAT0123_KUUAE0017	1	60	2	3	1	49	0
KUUAT0123_KUUAE0024	0	2	0	3	0	11	0
KUUAT0123_KUUAE0034	7025	4161	4266	8893	2791	5577	3922
KUUAT0123_KUUAE0051	1	0	0	0	0	1	0
KUUAT0123_KUUAE0071	0	10	0	1	0	4	0
KUUAT0123_KUUAE0100	1	3	0	0	0	3	0
KUUAT0123_KUUAE0102	1397	849	457	1748	78	252	100
KUUAT0123_KUUAE0106	0	1	0	1	0	1	0
KUUAT0123_KUUAE0129	0	2	0	0	0	0	0
KUUAT0123_KUUAE0147	3414	2311	3768	4232	3707	3954	4576
KUUAT0123_KUUAT0104	0	3	2	2	0	3	0
KUUAT0123_KUUUT0012	0	1	0	1	0	5	0
KUUAT0123_KUUUT0015	2	19	0	1	0	7	0
KUUAT0123_KUUUT0020	0	2	0	0	0	0	0
KUUAT0123_KUUUT0021	0	2	0	0	0	7	0
KUUAT0123_KUUUT0023	6236	4374	5435	7680	895	1292	1469
KUUAT0123_KUUUT0043	0	3	0	0	0	10	0
KUUAT0123_KUUUT0044	0	30	1	1	1	24	1
KUUAT0123_KSUAT0074	0	1	0	0	0	1	0
KUUAT0123_KSUAT0093	0	2	0	1	0	0	0
KUUAT0123_KSUUT0094	3089	1828	1906	4077	1260	2251	1920
KUUAT0123_KUUAE0038	0	0	0	0	0	0	0
KUUAT0123_KUUAE0073	0	9	0	0	0	3	0
KUUAT0123_KUUAT0005	0	0	0	0	0	0	0
KUUAT0123_KUUAT0069	0	9	0	1	0	3	0
KUUAT0123_KUUAT0138	0	0	0	0	0	0	0
KUUAT0123_KUUUT0016	0	6	0	0	0	1	0
KUUAT0123_KUUUT0050	7202	4136	3525	9449	764	1926	1189
KUUAT0123_KUUAE0046	0	5	0	2	0	4	0
KUUAT0123_KUUAE0093	0	1	0	0	0	1	0
KUUAT0123_KUUAE0122	9082	6066	6308	11194	480	654	555
KUUAT0123_KUUAE0127	0	5	0	1	0	1	0
KUUAT0123_KUUAT0006	3080	1984	2372	3737	56	78	84
KUUAT0123_KUUAT0010	0	0	0	0	0	2	0
KUUAT0123_KUUAT0023	0	0	0	0	0	0	0
KUUAT0123_KUUAT0119	0	5	0	0	0	0	0
KUUAT0123_KUUAT0123	1843	2818	3512	1193	185	168	286
KUUAT0123_KUUUT0013	0	0	0	0	0	0	0
KUUUT0013_KSUUT0003	0	0	0	0	0	0	0
KUUUT0013_KSUUT0008	0	0	0	0	0	0	0
KUUUT0013_KSUUT0025	0	0	0	0	0	0	0
KUUUT0013_KSUUT0100	0	0	0	0	0	0	0
KUUUT0013_KSUUT0114	0	0	0	1	0	0	0
KUUUT0013_KSUUT0124	0	0	0	0	0	0	0
KUUUT0013_KUUAE0003	0	2	0	0	0	0	0
KUUUT0013_KUUAE0004	0	0	0	0	0	0	0
KUUUT0013_KUUAE0005	0	0	0	0	0	0	0
KUUUT0013_KUUAE0010	0	0	0	0	0	0	0
KUUUT0013_KUUAE0017	0	0	0	0	0	0	0
KUUUT0013_KUUAE0024	0	0	0	0	0	0	0
KUUUT0013_KUUAE0034	735	293	280	1203	178	325	207
KUUUT0013_KUUAE0051	0	0	0	0	0	1	0
KUUUT0013_KUUAE0071	0	0	0	0	0	0	0
KUUUT0013_KUUAE0100	0	0	0	0	0	0	0
KUUUT0013_KUUAE0102	0	0	0	0	0	0	0
KUUUT0013_KUUAE0106	0	0	0	0	0	0	0
KUUUT0013_KUUAE0129	0	1	0	0	0	0	0
KUUUT0013_KUUAE0147	0	0	0	0	0	0	0
KUUUT0013_KUUAT0104	1	0	0	0	0	0	0
KUUUT0013_KUUUT0012	0	0	0	0	0	0	0
KUUUT0013_KUUUT0015	0	0	0	0	0	1	0
KUUUT0013_KUUUT0020	0	0	0	0	0	0	0
KUUUT0013_KUUUT0021	0	0	0	0	0	2	0
KUUUT0013_KUUUT0023	0	0	0	0	0	0	0
KUUUT0013_KUUUT0043	0	0	0	0	0	0	0
KUUUT0013_KUUUT0044	0	2	0	0	0	0	0
KUUUT0013_KSUAT0074	0	0	0	0	0	0	0
KUUUT0013_KSUAT0093	442	195	126	616	10	25	15
KUUUT0013_KSUUT0094	0	0	0	0	0	0	0
KUUUT0013_KUUAE0038	0	0	0	0	0	0	0
KUUUT0013_KUUAE0073	0	0	0	0	0	0	0
KUUUT0013_KUUAT0005	0	0	0	0	0	0	0
KUUUT0013_KUUAT0069	0	0	0	0	0	0	0
KUUUT0013_KUUAT0138	0	0	0	0	0	1	0
KUUUT0013_KUUUT0016	0	0	0	0	0	0	0
KUUUT0013_KUUUT0050	0	0	0	0	0	0	0
KUUUT0013_KUUAE0046	0	0	0	0	0	0	0
KUUUT0013_KUUAE0093	0	0	0	0	0	0	0
KUUUT0013_KUUAE0122	0	0	0	0	0	0	0
KUUUT0013_KUUAE0127	0	1	0	0	0	0	0
KUUUT0013_KUUAT0006	1177	488	444	1828	16	27	33
KUUUT0013_KUUAT0010	0	0	0	0	0	0	0
KUUUT0013_KUUAT0023	0	0	0	0	0	0	0
KUUUT0013_KUUAT0119	0	0	0	0	0	0	0
KUUUT0013_KUUAT0123	0	0	0	0	0	0	0
KUUUT0013_KUUUT0013	2582	2151	3233	1607	116	69	122
